Epoch,Loss,Cost,Advantage,Time
0,22.693981170654297,9.24682903289795,-0.6427212953567505,2.586484432220459
1,63.912757873535156,7.808372497558594,-1.9783828258514404,4.240225076675415
2,87.97740173339844,7.014730453491211,-2.9990172386169434,5.86804986000061
3,87.14244079589844,6.4099860191345215,-3.373342990875244,7.476416110992432
4,90.42927551269531,6.134182929992676,-3.711136817932129,9.123099327087402
5,87.77935791015625,5.998648643493652,-3.802168369293213,10.752285957336426
6,83.62858581542969,5.844001770019531,-3.882500648498535,12.334981679916382
7,83.09872436523438,5.669870376586914,-4.161730766296387,13.877485275268555
8,79.55916595458984,5.516580581665039,-4.241490364074707,15.463856220245361
9,75.36766815185547,5.426475524902344,-4.170046806335449,17.047407150268555
10,71.41753387451172,5.303872108459473,-4.156951904296875,18.637394666671753
11,70.98757934570312,5.233554840087891,-4.270734786987305,20.180387020111084
12,69.2953109741211,5.236000061035156,-4.300754070281982,21.76377558708191
13,65.4188461303711,5.191837310791016,-4.232105731964111,23.35763645172119
14,61.930946350097656,5.154825210571289,-4.043778896331787,24.90380358695984
15,62.456336975097656,5.141838550567627,-4.128149032592773,26.54795479774475
16,58.779502868652344,5.137389183044434,-3.946148633956909,28.21440362930298
17,57.068138122558594,5.098418235778809,-3.9306817054748535,29.88416886329651
18,55.26063919067383,5.1093645095825195,-3.741060972213745,31.5095055103302
19,50.233154296875,5.100961685180664,-3.531548023223877,33.17080736160278
20,51.19132995605469,5.135420322418213,-3.5017614364624023,34.87023591995239
21,48.152992248535156,5.071199893951416,-3.340919017791748,36.536214113235474
22,46.79365539550781,5.06146240234375,-3.378974437713623,38.16850399971008
23,42.15545654296875,5.067498207092285,-2.9744973182678223,39.828205823898315
24,37.276222229003906,5.097625732421875,-2.7114901542663574,41.48381495475769
25,36.866424560546875,5.095248222351074,-2.6818766593933105,43.14735293388367
26,30.525413513183594,5.158703327178955,-2.159384250640869,44.77384924888611
27,27.823009490966797,5.129775524139404,-2.065410852432251,46.42753553390503
28,28.10135841369629,5.156018257141113,-2.006959915161133,48.088138818740845
29,24.20120620727539,5.133146286010742,-1.744336724281311,49.705368995666504
30,22.931480407714844,5.107854843139648,-1.6578761339187622,51.368682622909546
31,17.12018394470215,5.101315975189209,-1.2611398696899414,53.026935338974
32,15.978531837463379,5.169161796569824,-1.219316005706787,54.68268418312073
33,17.005001068115234,5.14334774017334,-1.281946063041687,56.307204246520996
34,19.02826690673828,5.043666839599609,-1.4081802368164062,57.96945095062256
35,17.080577850341797,5.130166053771973,-1.2687029838562012,59.62507700920105
36,17.19008445739746,5.108098030090332,-1.2874705791473389,61.286428451538086
37,17.316570281982422,5.107234954833984,-1.2975764274597168,62.90306544303894
38,18.03411102294922,5.145219802856445,-1.3143572807312012,64.53662586212158
39,16.149723052978516,5.129542350769043,-1.2352395057678223,66.12155938148499
40,18.552072525024414,5.089785575866699,-1.4010918140411377,67.66656398773193
41,17.98804473876953,5.165902137756348,-1.3672465085983276,69.25087022781372
42,16.845401763916016,5.1401872634887695,-1.2775499820709229,70.84056186676025
43,17.379240036010742,5.115133762359619,-1.2938377857208252,72.43537187576294
44,18.185199737548828,5.082723140716553,-1.3764383792877197,73.98938369750977
45,17.199569702148438,5.115725994110107,-1.252860188484192,75.5790479183197
46,17.406597137451172,5.170951843261719,-1.255920171737671,77.19796752929688
47,17.963478088378906,5.128931522369385,-1.328853964805603,78.825852394104
48,17.95372772216797,5.114431858062744,-1.3548041582107544,80.48789763450623
49,17.390369415283203,5.146843433380127,-1.299567699432373,82.154043674469
50,19.502731323242188,5.053795337677002,-1.4662489891052246,83.82035851478577
51,18.634204864501953,5.091625690460205,-1.359842300415039,85.45487213134766
52,16.174348831176758,5.128488063812256,-1.2193571329116821,87.12652516365051
53,0.2873724699020386,5.032753944396973,-0.04922328144311905,88.80490207672119
54,-1.1902897357940674,5.121510028839111,0.03169296309351921,90.47544312477112
55,0.5280256867408752,5.055294513702393,-0.07888129353523254,92.11089038848877
56,0.017052121460437775,5.107724666595459,-0.04797476530075073,93.79073143005371
57,-0.14046816527843475,5.066100120544434,-0.0385860875248909,95.4558687210083
58,-0.373358815908432,5.004581451416016,-0.018030185252428055,97.13645100593567
59,-1.2684135437011719,5.070498943328857,0.03926181048154831,98.7710816860199
60,0.11787477135658264,5.000045299530029,-0.05429926514625549,100.44123911857605
61,-0.366458535194397,5.020725250244141,-0.01760062761604786,102.11320447921753
62,0.3563772737979889,4.986800193786621,-0.06069451570510864,103.80012822151184
63,-0.002785921096801758,4.989073753356934,-0.035632576793432236,105.43280529975891
64,-0.5706912279129028,5.022130012512207,-0.0034324731677770615,107.10746192932129
65,-0.43785226345062256,4.992692947387695,-0.017966046929359436,108.77872943878174
66,-1.3439483642578125,5.009848594665527,0.05291919410228729,110.41033124923706
67,0.35637468099594116,4.960890769958496,-0.0756378173828125,112.07808589935303
68,-0.05158910155296326,4.988480567932129,-0.03282608836889267,113.7353720664978
69,-1.3380634784698486,5.055105209350586,0.033119086176157,115.39790487289429
70,-1.0506528615951538,4.997379779815674,0.03972591459751129,117.0130717754364
71,0.21996381878852844,4.954094886779785,-0.06480222940444946,118.66298270225525
72,-0.5011880397796631,4.973748683929443,-0.002557627856731415,120.32078814506531
73,-0.6139143705368042,4.917311191558838,-0.0071746958419680595,121.9816346168518
74,-1.2256481647491455,4.968798637390137,0.05076562613248825,123.5961480140686
75,-0.14104406535625458,4.917199611663818,-0.042466599494218826,125.2531270980835
76,-0.28875425457954407,5.004638671875,-0.02987457811832428,126.91034865379333
77,-0.42978957295417786,4.905350685119629,-0.017036035656929016,128.52202343940735
78,-0.26906251907348633,4.956449508666992,-0.021616626530885696,130.1767394542694
79,-0.3982883095741272,4.9301910400390625,-0.029789429157972336,131.83579683303833
80,-0.00916406512260437,4.889801979064941,-0.037760425359010696,133.49111485481262
81,-1.186607003211975,4.984201431274414,0.03215654939413071,135.1079638004303
82,-0.015707895159721375,4.857352256774902,-0.0502905398607254,136.76487493515015
83,-0.15473458170890808,4.940537452697754,-0.04801299422979355,138.41978240013123
84,-0.6326524019241333,4.902483940124512,-0.011822239495813847,140.08463978767395
85,0.1839957982301712,4.880573272705078,-0.06109444797039032,141.70112204551697
86,0.009811878204345703,4.901186466217041,-0.04574212059378624,143.35485792160034
87,-1.5923502445220947,4.9829230308532715,0.04398269206285477,145.01486945152283
88,-0.15697085857391357,4.881929397583008,-0.03582307696342468,146.62819361686707
89,-0.6442311406135559,4.907157897949219,-0.004583270289003849,148.2944529056549
90,-0.8397270441055298,4.883299827575684,0.014751214534044266,149.95948219299316
91,-0.9321240782737732,4.850959777832031,0.010395768098533154,151.61543202400208
92,-0.6563771963119507,4.948918342590332,0.005858158692717552,153.25334215164185
93,-1.0715835094451904,4.90340518951416,0.042848169803619385,154.93345308303833
94,-0.19223400950431824,4.861632347106934,-0.04580964893102646,156.60960459709167
95,-0.5455885529518127,4.9024834632873535,-0.015430347062647343,158.29096603393555
96,0.21949505805969238,4.816528797149658,-0.07605018466711044,159.9391312599182
97,-0.9262006282806396,4.908175468444824,0.02414581924676895,161.61864495277405
98,-0.5343390703201294,4.900152206420898,-0.011682121083140373,163.2995285987854
99,-0.23136380314826965,4.86628532409668,-0.03076554834842682,164.99171662330627
100,-0.9299883842468262,4.887975692749023,0.010835565626621246,166.62907028198242
101,-0.28645482659339905,4.846026420593262,-0.023903928697109222,168.32290387153625
102,-0.1900949478149414,4.843903541564941,-0.02208869531750679,170.01088166236877
103,-0.8998851776123047,4.878800392150879,0.022070756182074547,171.64784932136536
104,-0.540160059928894,4.857901573181152,-0.006510540843009949,173.32112002372742
105,0.07656475901603699,4.859236717224121,-0.05786123871803284,175.00238633155823
106,-0.013251185417175293,4.827999591827393,-0.06104431301355362,176.67755126953125
107,-0.7749292850494385,4.843136787414551,0.014211893081665039,178.32050442695618
108,-0.5503525733947754,4.831373691558838,-0.009057988412678242,179.9968023300171
109,-1.23158860206604,4.910591125488281,0.03639936447143555,181.67177653312683
110,-1.0512930154800415,4.835966110229492,0.01065601222217083,183.3041524887085
111,-0.5380653738975525,4.827572345733643,-0.0073967138305306435,184.98859882354736
112,-0.5385918617248535,4.874299049377441,-0.0023261718451976776,186.67245507240295
113,-0.3941381573677063,4.833853721618652,-0.00209786556661129,188.35582613945007
114,-0.3368978500366211,4.754053115844727,-0.03367358446121216,190.0022668838501
115,-0.661686897277832,4.8711628913879395,0.0019474243745207787,191.68413972854614
116,-0.5531673431396484,4.835540771484375,-0.022973570972681046,193.37146544456482
117,0.018070340156555176,4.805307388305664,-0.030496377497911453,195.05709719657898
118,-0.7808055877685547,4.890435218811035,0.008326366543769836,196.70463371276855
119,-0.1397891789674759,4.79506778717041,-0.036803245544433594,198.38487339019775
120,-0.19560891389846802,4.832640647888184,-0.045859817415475845,200.06729745864868
121,-0.7373301982879639,4.821364879608154,0.016191788017749786,201.7460000514984
122,-1.7245444059371948,4.877278804779053,0.06672974675893784,203.38121056556702
123,-0.7070591449737549,4.868923187255859,0.022534573450684547,205.05942487716675
124,0.28610843420028687,4.756953239440918,-0.056041035801172256,206.73592829704285
125,-0.9915878176689148,4.847710609436035,0.022048868238925934,208.37149477005005
126,-0.5754491090774536,4.813735008239746,-0.0026184190064668655,210.04763269424438
127,-0.6784143447875977,4.861259460449219,-0.002295270562171936,211.72842478752136
128,-1.3323357105255127,4.864489555358887,0.04957585409283638,213.4047567844391
129,-0.6021150946617126,4.777774810791016,-0.008098774589598179,215.03947758674622
130,-0.256998211145401,4.794732093811035,-0.02888265624642372,216.71698832511902
131,-0.7652580738067627,4.885909557342529,0.01167134940624237,218.3993272781372
132,-0.4548041820526123,4.894064903259277,-0.01388026773929596,220.0814118385315
133,-0.8122304081916809,4.833301544189453,0.0047959741204977036,221.71012234687805
134,0.4916037321090698,4.790353775024414,-0.05995040759444237,223.3853781223297
135,-0.7194211483001709,4.829292297363281,-0.00034998543560504913,225.062846660614
136,-0.3076438307762146,4.8079986572265625,-0.027562085539102554,226.74203872680664
137,0.12607400119304657,4.818279266357422,-0.053505148738622665,228.3773329257965
138,-0.35808542370796204,4.791797161102295,-0.017434723675251007,230.05402040481567
139,-0.32698020339012146,4.787482261657715,-0.01413001399487257,231.7240650653839
140,-0.33285701274871826,4.789185523986816,-0.02324296347796917,233.35927867889404
141,-0.3224824368953705,4.817286491394043,-0.028331328183412552,235.03894805908203
142,-0.03523385524749756,4.811958312988281,-0.03776570037007332,236.72936987876892
143,-0.31416887044906616,4.823906421661377,-0.033602431416511536,238.4065806865692
144,-0.06847823411226273,4.762154579162598,-0.04486404359340668,240.04616498947144
145,-0.4384456276893616,4.81301212310791,-0.01424026396125555,241.72379732131958
146,-0.6558697819709778,4.859194278717041,0.0061191171407699585,243.4080355167389
147,-0.29613423347473145,4.822019577026367,-0.020879996940493584,245.0544936656952
148,-0.08353149890899658,4.824682712554932,-0.032824303954839706,246.7325611114502
149,-0.5291245579719543,4.837704658508301,-0.0025644591078162193,248.41239595413208
150,-0.05647654831409454,4.774649620056152,-0.04434650391340256,250.2179262638092
151,-0.274309903383255,4.8159637451171875,-0.03757882118225098,251.91802644729614
152,-0.07852087914943695,4.796748638153076,-0.042613398283720016,253.60001635551453
153,-0.39575648307800293,4.824419021606445,-0.02337471768260002,255.2902009487152
154,-0.4850003123283386,4.831110000610352,-0.019882366061210632,256.9720251560211
155,-0.19475913047790527,4.818243503570557,-0.03270486742258072,258.62004017829895
156,-0.4691427946090698,4.795808792114258,-0.013577444478869438,260.30276370048523
157,-0.5688813924789429,4.789846420288086,-0.007310763001441956,261.98477268218994
158,-0.9141421318054199,4.799705505371094,0.015178688801825047,263.66432094573975
159,-0.5061103105545044,4.769295692443848,-0.011811899021267891,265.31415724754333
160,-0.43522149324417114,4.782307147979736,-0.0175405815243721,266.9969210624695
161,-1.0742026567459106,4.705883502960205,0.045114606618881226,268.68092012405396
162,-1.4414219856262207,4.760725021362305,0.06155715137720108,270.366646528244
163,-1.3367427587509155,4.785329818725586,0.051224157214164734,272.009037733078
164,-0.48287010192871094,4.778324604034424,-0.004672425799071789,273.6920886039734
165,-0.6214001774787903,4.768145561218262,-0.0008607190102338791,275.38020968437195
166,-1.0459709167480469,4.821652889251709,0.01830485463142395,277.0232684612274
167,-0.20146876573562622,4.761211395263672,-0.031006261706352234,278.7054123878479
168,-0.3184838891029358,4.707954406738281,-0.025363262742757797,280.389616727829
169,-0.5633420944213867,4.825447082519531,0.00980166345834732,282.06582736968994
170,-1.4197947978973389,4.823230743408203,0.05320493504405022,283.7002446651459
171,-0.2259957194328308,4.782906532287598,-0.026007920503616333,285.3787076473236
172,-0.20567747950553894,4.826389312744141,-0.024251969531178474,287.05375623703003
173,-0.2482675015926361,4.802475929260254,-0.023663710802793503,288.7344844341278
174,-0.2103419303894043,4.760758399963379,-0.0263979472219944,290.36975383758545
175,-0.2491208016872406,4.800992965698242,-0.023883840069174767,292.04584527015686
176,-0.2896094024181366,4.729162693023682,-0.03564992919564247,293.72322273254395
177,-0.1166222095489502,4.727149963378906,-0.044196587055921555,295.36480379104614
178,-0.1911698877811432,4.742982387542725,-0.02923913672566414,297.0402228832245
179,-0.25538504123687744,4.780745506286621,-0.036396145820617676,298.7136800289154
180,-0.41353118419647217,4.811828136444092,-0.021928571164608,300.39719319343567
181,0.1314973533153534,4.789590835571289,-0.053238414227962494,302.0332169532776
182,-1.2902101278305054,4.787181854248047,0.04982209950685501,303.709965467453
183,-0.9411296844482422,4.818162441253662,0.01740049198269844,305.3894233703613
184,-0.5267631411552429,4.773710250854492,-0.016521800309419632,307.07056522369385
185,-0.47036609053611755,4.7594122886657715,-0.007960597053170204,308.70639204978943
186,-0.11041788011789322,4.794799327850342,-0.04152408242225647,310.3844795227051
187,-0.183369979262352,4.758625030517578,-0.04721536859869957,312.07093930244446
188,-0.238403782248497,4.676246643066406,-0.01458223257213831,313.7086305618286
189,-0.8464853167533875,4.701895236968994,0.021920152008533478,315.39001202583313
190,0.30597153306007385,4.730420112609863,-0.07421458512544632,317.07497477531433
191,-1.1345479488372803,4.825802803039551,0.04307727515697479,318.75291657447815
192,-0.8435023427009583,4.731657981872559,0.017606740817427635,320.3948185443878
193,-0.293972373008728,4.755293846130371,-0.022717885673046112,322.0790662765503
194,-0.504055380821228,4.772136688232422,-0.0156296044588089,323.76589584350586
195,-0.5064491629600525,4.731645584106445,-0.006957903504371643,325.45149970054626
196,-0.8147976398468018,4.735653877258301,0.020092185586690903,327.09249997138977
197,-0.8823128342628479,4.762932777404785,0.021989213302731514,328.7740828990936
198,-0.5568100214004517,4.731723785400391,0.005994129925966263,330.45587944984436
199,-0.1780325174331665,4.702683925628662,-0.041177377104759216,332.1599578857422
200,-0.4972650706768036,4.677521705627441,-0.001982002519071102,333.79853868484497
201,-0.20293934643268585,4.710131645202637,-0.03938926383852959,335.49603176116943
202,-0.027619987726211548,4.730688095092773,-0.03836175426840782,337.1772198677063
203,-0.2468441277742386,4.718417644500732,-0.022913645952939987,338.81609058380127
204,-0.5656948089599609,4.758837699890137,0.005055699497461319,340.4951491355896
205,-0.6873998641967773,4.7084550857543945,0.0010917037725448608,342.1791682243347
206,-0.6872141361236572,4.702362060546875,0.02126319892704487,343.85971093177795
207,-0.37860894203186035,4.7177228927612305,-0.020704321563243866,345.49793553352356
208,-0.3443424701690674,4.752771377563477,-0.00859871320426464,347.1768276691437
209,0.11188797652721405,4.717061519622803,-0.04924969747662544,348.85601782798767
210,-0.8559011220932007,4.711765289306641,0.015961308032274246,350.4919135570526
211,-0.48561519384384155,4.70245361328125,-0.010774028487503529,352.16707372665405
212,-0.2147619128227234,4.718657970428467,-0.02306348830461502,353.849570274353
213,-0.4727211892604828,4.732821464538574,-0.014266129583120346,355.5345067977905
214,0.2581605017185211,4.691658020019531,-0.07422862946987152,357.1797614097595
215,-0.8617066740989685,4.751065254211426,0.020011143758893013,358.8612198829651
216,-1.0294110774993896,4.749356269836426,0.015038786455988884,360.54433608055115
217,-0.8379086852073669,4.709508895874023,0.009250197559595108,362.2248070240021
218,-0.5142382383346558,4.77658224105835,-0.010596007108688354,363.864226102829
219,-0.06504915654659271,4.712475299835205,-0.042781636118888855,365.54690742492676
220,0.1006184071302414,4.705361366271973,-0.05044141411781311,367.2264606952667
221,-0.18764737248420715,4.719912052154541,-0.03762901946902275,368.90978050231934
222,-0.5321304202079773,4.713342189788818,-0.008943065069615841,370.5529041290283
223,-0.14274951815605164,4.719851493835449,-0.03503775969147682,372.23419070243835
224,-0.9661564826965332,4.750654697418213,0.016651708632707596,373.9140772819519
225,-0.184732586145401,4.715364456176758,-0.03064873442053795,375.55478405952454
226,0.05179727077484131,4.657488822937012,-0.04988102242350578,377.24204182624817
227,-0.204784095287323,4.650993824005127,-0.021976523101329803,378.9265179634094
228,-0.30524492263793945,4.664887428283691,-0.01850806176662445,380.60861444473267
229,-0.4236285984516144,4.694131374359131,-0.013780953362584114,382.2508442401886
230,-1.0794039964675903,4.751124382019043,0.04116115719079971,383.9339361190796
231,-0.5821790099143982,4.707884311676025,-0.0029197605326771736,385.617360830307
232,-1.1357909440994263,4.789794921875,0.02015058323740959,387.3026452064514
233,-0.3590095341205597,4.755338668823242,-0.01905190572142601,388.9493319988251
234,-0.5064581036567688,4.679624557495117,-0.000670229084789753,390.62820172309875
235,-0.19105380773544312,4.673058032989502,-0.03165575489401817,392.3088927268982
236,-0.8080074787139893,4.7400712966918945,0.027857942506670952,394.0672414302826
237,-0.15374574065208435,4.694693565368652,-0.03506084531545639,395.77446389198303
238,-0.15546567738056183,4.699288845062256,-0.02153831161558628,397.5640389919281
239,-0.7151954174041748,4.719395637512207,0.008108505047857761,399.35869336128235
240,-0.8032102584838867,4.712371826171875,0.017443951219320297,401.02225852012634
241,-0.13894584774971008,4.670248031616211,-0.04366664960980415,402.70724534988403
242,-1.1096149682998657,4.7086920738220215,0.04306959733366966,404.3975975513458
243,-0.8833099603652954,4.666635990142822,0.015482704155147076,406.0855906009674
244,-0.4832667112350464,4.6790056228637695,-0.01594768464565277,407.7270529270172
245,-1.015782117843628,4.721099853515625,0.028859391808509827,409.4100477695465
246,-0.601839542388916,4.651711463928223,-0.0038719698786735535,411.092750787735
247,-0.3221016824245453,4.6590423583984375,-0.0260247141122818,412.73266315460205
248,-0.7299026250839233,4.689741134643555,0.009903782047331333,414.4160826206207
249,-0.39193591475486755,4.702390670776367,-0.01434443797916174,416.10202193260193
250,-0.1655968427658081,4.617578983306885,-0.04367079213261604,417.7861876487732
251,-0.32053741812705994,4.65208101272583,-0.024962756782770157,419.43802762031555
252,-0.5741548538208008,4.763406753540039,-0.017606908455491066,421.1204254627228
253,-0.6924238204956055,4.6427507400512695,-0.0020911619067192078,422.80401372909546
254,-0.3450234830379486,4.681029319763184,-0.023992687463760376,424.48486828804016
255,-0.3652963936328888,4.661891937255859,-0.021407071501016617,426.13074922561646
256,-0.37046629190444946,4.6984429359436035,-0.01618589088320732,427.8081855773926
257,-0.7028198838233948,4.675091743469238,0.007934603840112686,429.4887707233429
258,-0.283174604177475,4.707485198974609,-0.01609087362885475,431.1762444972992
259,-0.46806055307388306,4.681943416595459,-0.005242452025413513,432.81379652023315
260,-0.04145855829119682,4.676736354827881,-0.04883629456162453,434.49293756484985
261,-0.445914089679718,4.619685173034668,-0.016929294914007187,436.17544078826904
262,-0.3374338746070862,4.639608383178711,-0.018514441326260567,437.8622667789459
263,-0.8729335069656372,4.680832862854004,0.036336950957775116,439.50109601020813
264,0.09324155747890472,4.709692001342773,-0.06327944993972778,441.1875638961792
265,-0.6320258378982544,4.738982200622559,-0.0016935858875513077,442.8657145500183
266,-0.46061304211616516,4.697693347930908,-0.009658788330852985,444.5046064853668
267,-0.2641211450099945,4.6844635009765625,-0.032089024782180786,446.1951849460602
268,-0.14495442807674408,4.687277793884277,-0.03659951686859131,447.88414883613586
269,-0.5471360683441162,4.690166473388672,-0.018380913883447647,449.574542760849
270,-0.4416155219078064,4.689676284790039,-0.0169165451079607,451.22251415252686
271,0.0221511572599411,4.604860305786133,-0.05706968158483505,452.9115159511566
272,-0.07863664627075195,4.647915840148926,-0.041681673377752304,454.5926649570465
273,-0.2020607590675354,4.639723300933838,-0.027445482090115547,456.2881667613983
274,-0.9125360250473022,4.689502716064453,0.01932535320520401,457.93326449394226
275,-0.5196343660354614,4.69003963470459,0.005362256430089474,459.61496353149414
276,-0.8629637956619263,4.721306800842285,0.020053589716553688,461.2988324165344
277,-0.30022263526916504,4.631984710693359,-0.02380554750561714,462.9428915977478
278,-0.6571093797683716,4.655791282653809,0.017732862383127213,464.630154132843
279,-0.7840958833694458,4.680185317993164,0.0216996893286705,466.31457567214966
280,-0.5276549458503723,4.648342132568359,0.005556982010602951,467.9958174228668
281,-0.4602048397064209,4.668373107910156,-0.014106076210737228,469.6387553215027
282,-0.4276948571205139,4.6527299880981445,-0.004190683364868164,471.3172936439514
283,-0.5531179904937744,4.642829895019531,-0.0006726318970322609,472.9960107803345
284,-0.535345196723938,4.647275447845459,0.002863827161490917,474.6808497905731
285,-0.6242239475250244,4.593630790710449,-0.00645525474101305,476.3199269771576
286,-0.5982627868652344,4.683129787445068,-0.002812093123793602,478.00194096565247
287,-0.33873242139816284,4.67447566986084,0.0005111480131745338,479.68616700172424
288,-0.2756921648979187,4.596085548400879,-0.032789215445518494,481.3272454738617
289,-0.4255831837654114,4.6298627853393555,-0.013189323246479034,483.0045807361603
290,0.07597911357879639,4.6209821701049805,-0.05406743288040161,484.6841323375702
291,-0.35360845923423767,4.6321868896484375,-0.009059479460120201,486.37319350242615
292,-0.46399855613708496,4.710502624511719,-0.00305001437664032,488.01295018196106
293,-0.4823682904243469,4.627369403839111,-0.006511359475553036,489.6886661052704
294,-0.40403422713279724,4.622090816497803,-0.022378932684659958,491.3729338645935
295,-0.8674516677856445,4.622405052185059,0.019554082304239273,493.04631781578064
296,-0.382064551115036,4.590869426727295,-0.026160690933465958,494.6835994720459
297,-0.5028010606765747,4.708300590515137,0.0013098185881972313,496.3681390285492
298,-0.546133279800415,4.599020004272461,0.007695619948208332,498.0477216243744
299,-1.0390467643737793,4.637280464172363,0.026672005653381348,499.72988390922546
300,-0.08611083030700684,4.634686470031738,-0.026701105758547783,501.3726818561554
301,-0.15949518978595734,4.6205854415893555,-0.027774065732955933,503.0639760494232
302,-0.40061473846435547,4.645685195922852,-0.01390044018626213,504.7389783859253
303,-0.4283903241157532,4.628818511962891,-0.012604271061718464,506.3872525691986
304,-0.7901915907859802,4.670786380767822,0.018102820962667465,508.0618562698364
305,-0.24731285870075226,4.612714767456055,-0.03225351870059967,509.7381868362427
306,-0.4347187280654907,4.65424919128418,-0.016306791454553604,511.4220826625824
307,-0.00028099119663238525,4.6290178298950195,-0.045125965029001236,513.0608067512512
308,0.027713999152183533,4.633790969848633,-0.04940517246723175,514.7410807609558
309,-0.611039400100708,4.620221138000488,0.014030915684998035,516.4452760219574
310,-0.7136050462722778,4.644749641418457,0.026309337466955185,518.1589374542236
311,-0.5115423798561096,4.642135143280029,-0.01178151648491621,519.8477272987366
312,-0.10906049609184265,4.644653797149658,-0.04415719211101532,521.602733373642
313,-0.6530638337135315,4.612470626831055,0.00277533195912838,523.3232820034027
314,-0.780015230178833,4.625343322753906,0.026321962475776672,525.0273284912109
315,-0.7104120254516602,4.618858337402344,0.015407069586217403,526.8092815876007
316,-0.5772649049758911,4.569598197937012,0.0011448981240391731,528.6017456054688
317,-0.5001981258392334,4.622642517089844,-0.008386342786252499,530.3993980884552
318,-0.35959672927856445,4.611497402191162,-0.01388836931437254,532.0529909133911
319,-0.5955204963684082,4.607237339019775,0.0011363998055458069,533.7833647727966
320,-0.36925187706947327,4.587212085723877,-0.021091662347316742,535.4665632247925
321,-0.7006189227104187,4.663626194000244,0.011443868279457092,537.1510026454926
322,-0.8152973651885986,4.583547592163086,0.02257167175412178,538.788622379303
323,-0.9898631572723389,4.678955554962158,0.026338711380958557,540.477454662323
324,-0.5827302932739258,4.619845867156982,-0.012451259419322014,542.1558532714844
325,-0.21413776278495789,4.600212097167969,-0.04354638606309891,543.7972338199615
326,0.014074809849262238,4.667438507080078,-0.04100463539361954,545.4802994728088
327,-0.721052885055542,4.646997451782227,0.014835970476269722,547.1777520179749
328,-0.8641529083251953,4.6541337966918945,0.02458086609840393,548.8655152320862
329,-0.9839229583740234,4.59666633605957,0.02702302113175392,550.506266117096
330,-0.19444897770881653,4.541758060455322,-0.04189414903521538,552.1821763515472
331,-0.8149579763412476,4.627067565917969,0.030223548412322998,553.8684573173523
332,-0.45799583196640015,4.656824111938477,-0.012315664440393448,555.5498769283295
333,-0.6655148267745972,4.573119163513184,-0.007651463150978088,557.1926820278168
334,-0.4697728753089905,4.585096836090088,-0.0060811275616288185,558.8686249256134
335,-0.11256808042526245,4.641234397888184,-0.03911726921796799,560.5479979515076
336,-0.7871001362800598,4.637397289276123,0.01723543182015419,562.2305176258087
337,-0.44080373644828796,4.59257698059082,-0.01001688838005066,563.8694245815277
338,-0.26780349016189575,4.5527024269104,-0.032998453825712204,565.5515496730804
339,-0.42563313245773315,4.616247653961182,-0.013391447253525257,567.2337484359741
340,-0.5446216464042664,4.654531955718994,-0.0028956355527043343,568.8749096393585
341,-0.4703664779663086,4.5975518226623535,0.0011676447466015816,570.556067943573
342,-0.6737358570098877,4.644055366516113,0.014403577893972397,572.2424037456512
343,-0.3674604296684265,4.632356643676758,-0.011379101313650608,573.9314308166504
344,-0.1542237401008606,4.62416934967041,-0.0430222824215889,575.609103679657
345,-0.46093738079071045,4.634705543518066,-0.006210923194885254,577.4112992286682
346,-0.5694364309310913,4.561276435852051,0.008380474522709846,579.14537525177
347,0.3622187077999115,4.58311653137207,-0.07388979196548462,580.786506652832
348,-0.06929274648427963,4.582976341247559,-0.04027792066335678,582.4605176448822
349,-0.1499023139476776,4.62557315826416,-0.025079507380723953,584.1425201892853
350,-0.17315134406089783,4.570221900939941,-0.043159615248441696,585.8322017192841
351,0.06003159284591675,4.536801338195801,-0.061822280287742615,587.4847240447998
352,-0.04309725761413574,4.5640153884887695,-0.04375723376870155,589.1673777103424
353,-0.0012842044234275818,4.544188499450684,-0.03537634760141373,590.8515281677246
354,-0.35987406969070435,4.596370697021484,-0.017351435497403145,592.5332510471344
355,0.013959422707557678,4.581849098205566,-0.047907330095767975,594.1708512306213
356,-0.027290865778923035,4.642136573791504,-0.05062539502978325,595.8554382324219
357,-0.01893414929509163,4.559067249298096,-0.06180107221007347,597.5343625545502
358,0.1690041869878769,4.543648719787598,-0.07703088223934174,599.2192184925079
359,-0.0020692050457000732,4.551870346069336,-0.05208629369735718,600.8625619411469
360,0.20669838786125183,4.555871486663818,-0.08245378732681274,602.5428559780121
361,-0.22107002139091492,4.5807905197143555,-0.04154365137219429,604.2230863571167
362,-0.3843829035758972,4.593167781829834,-0.015222730115056038,605.9129755496979
363,-0.3111857771873474,4.584123611450195,-0.04599761962890625,607.5520303249359
364,-0.7911997437477112,4.609471321105957,-0.01602984219789505,609.2366073131561
365,-0.362076997756958,4.608509540557861,-0.035455889999866486,610.9189286231995
366,-0.20105257630348206,4.597657203674316,-0.030552592128515244,612.5616688728333
367,-0.2967946529388428,4.583550930023193,-0.004637693986296654,614.2450094223022
368,0.01636524498462677,4.560511589050293,-0.04959988594055176,615.9295475482941
369,-0.1939997524023056,4.5619611740112305,-0.04690413922071457,617.6118407249451
370,0.30987173318862915,4.538527488708496,-0.08517895638942719,619.2531461715698
371,0.32044124603271484,4.527985572814941,-0.08706267178058624,620.9411373138428
372,-0.3581741452217102,4.570551872253418,-0.0281617883592844,622.619476556778
373,-0.663333535194397,4.549290657043457,0.02311735972762108,624.3007862567902
374,-0.5812179446220398,4.509343147277832,0.010633459314703941,625.9421427249908
375,-0.6312243938446045,4.568234443664551,0.010001379065215588,627.6213986873627
376,-0.12576347589492798,4.491422653198242,-0.04243407025933266,629.3026082515717
377,-0.5637198686599731,4.537594795227051,0.013834252953529358,630.9406192302704
378,0.2501329183578491,4.484838008880615,-0.06838949769735336,632.6204991340637
379,0.27730515599250793,4.517507076263428,-0.06746280938386917,634.2978444099426
380,-0.32811588048934937,4.549314975738525,-0.012233390472829342,635.9804086685181
381,-0.24240127205848694,4.510383605957031,-0.023788191378116608,637.6258735656738
382,-0.0922439843416214,4.577327728271484,-0.03073054924607277,639.3057587146759
383,-0.418652206659317,4.572084426879883,0.0038444818928837776,640.9860355854034
384,-0.7085447311401367,4.540743827819824,0.008950759656727314,642.6826274394989
385,-0.20018042623996735,4.485348701477051,-0.038068994879722595,644.3237738609314
386,-0.8434568643569946,4.565550804138184,0.026229161769151688,646.0068528652191
387,-0.5031386017799377,4.569314956665039,0.0038342466577887535,647.6653292179108
388,-0.7562288045883179,4.590956687927246,0.007891537621617317,649.2836022377014
389,-0.5332218408584595,4.589475631713867,0.0012419447302818298,650.9470453262329
390,-0.4468595087528229,4.49863338470459,0.012204539030790329,652.6058807373047
391,-0.6868741512298584,4.56040096282959,0.02396181970834732,654.2728877067566
392,-0.015357881784439087,4.537862300872803,-0.04351678863167763,655.9479687213898
393,-0.6501902937889099,4.526474952697754,-0.00032318849116563797,657.6037786006927
394,-0.5135756134986877,4.514389514923096,0.016192886978387833,659.2672784328461
395,-0.24942831695079803,4.55421257019043,-0.023180171847343445,660.9293165206909
396,-0.5887540578842163,4.516688346862793,-0.0024675168097019196,662.5457265377045
397,-0.7476988434791565,4.560601711273193,0.010485649108886719,664.2010707855225
398,-0.6145981550216675,4.510422706604004,0.003772962838411331,665.85835313797
399,-1.0514718294143677,4.599185943603516,0.04277012497186661,667.5207781791687
400,-0.21515513956546783,4.508453369140625,-0.026258435100317,669.1352300643921
401,-0.7710286378860474,4.489500522613525,0.010409105569124222,670.8054943084717
402,-0.38834840059280396,4.497021198272705,-0.010885762982070446,672.4603672027588
403,-0.2340235561132431,4.531061172485352,-0.024012818932533264,674.073358297348
404,-0.7872966527938843,4.575447082519531,0.03064727783203125,675.7301487922668
405,-0.3611104190349579,4.4909257888793945,-0.008345250971615314,677.3883156776428
406,-0.8720057606697083,4.501830101013184,0.03014885075390339,679.0458338260651
407,-0.4876936674118042,4.563875675201416,0.0009688306599855423,680.6592350006104
408,-0.8576716184616089,4.550589561462402,0.022588375955820084,682.3168354034424
409,-0.6344462633132935,4.528406620025635,0.027454376220703125,683.9705271720886
410,-0.46034741401672363,4.515938758850098,0.01437326055020094,685.5859096050262
411,-0.29701322317123413,4.506753444671631,-0.03246781975030899,687.242463350296
412,-0.8099442720413208,4.546730041503906,0.019410554319620132,688.9124085903168
413,-0.2570169270038605,4.550439357757568,-0.014710931107401848,690.6118838787079
414,-0.5300208926200867,4.539805889129639,0.010961638763546944,692.2344694137573
415,-0.9874011874198914,4.542950630187988,0.03906463459134102,693.8932328224182
416,-0.3970947265625,4.49163818359375,-0.00951288640499115,695.5564651489258
417,-0.642245352268219,4.521643161773682,0.006863947957754135,697.2182369232178
418,-0.5711402893066406,4.5236735343933105,-0.004349959082901478,698.8311994075775
419,-0.3502482771873474,4.471447467803955,-0.017503056675195694,700.4900221824646
420,-0.6277807950973511,4.514410018920898,0.0061740027740597725,702.1474950313568
421,-0.5318378806114197,4.535305023193359,0.006332709453999996,703.8080298900604
422,-0.3516262173652649,4.490673542022705,-0.015915077179670334,705.422525882721
423,-0.06645116209983826,4.467887878417969,-0.03261805698275566,707.0830602645874
424,-0.3484151363372803,4.453841209411621,-0.022888075560331345,708.7388646602631
425,-0.5329967737197876,4.480938911437988,-0.004199553281068802,710.3566420078278
426,-0.12512458860874176,4.538285255432129,-0.032981377094984055,712.0136268138885
427,-0.41944053769111633,4.505346298217773,-0.029405537992715836,713.6948204040527
428,-0.48973548412323,4.492862701416016,-0.004949088208377361,715.3735144138336
429,-0.04943308234214783,4.505220413208008,-0.034161411225795746,717.0155618190765
430,-0.23495890200138092,4.478758811950684,-0.027910763397812843,718.6995828151703
431,-0.3575408458709717,4.484476089477539,-0.02114935591816902,720.3794622421265
432,-0.6813043355941772,4.500838756561279,-0.0028789956122636795,722.0569281578064
433,0.19605159759521484,4.449319839477539,-0.07976475358009338,723.6914019584656
434,-0.37754082679748535,4.538117408752441,-0.0018690889701247215,725.371559381485
435,-0.09728318452835083,4.504795074462891,-0.04679913818836212,727.0508439540863
436,-0.4543660879135132,4.516727447509766,-0.016886122524738312,728.7329425811768
437,-0.024980314075946808,4.478155136108398,-0.04908481985330582,730.3723306655884
438,-0.1003832221031189,4.4859113693237305,-0.043051205575466156,732.0569097995758
439,0.04465922713279724,4.45845365524292,-0.05348293110728264,733.7297871112823
440,-0.1984044760465622,4.5007734298706055,-0.03438330441713333,735.3705768585205
441,0.16372525691986084,4.477567672729492,-0.06523334234952927,737.0496842861176
442,-0.2954558730125427,4.458500862121582,-0.025111649185419083,738.7320809364319
443,-0.42889177799224854,4.504543781280518,0.004114894196391106,740.4180722236633
444,-0.5594373941421509,4.457988262176514,-0.016195159405469894,742.0598614215851
445,-0.8105782866477966,4.503491401672363,0.006616469472646713,743.7346065044403
446,-0.3370407223701477,4.531408309936523,-0.015115027315914631,745.4227316379547
447,-0.39831897616386414,4.456250190734863,-0.025383921340107918,747.1211018562317
448,-0.6248472929000854,4.5447611808776855,0.015034548938274384,748.8081307411194
449,-0.44941288232803345,4.442007064819336,-0.006148637272417545,750.488538980484
450,-0.28055912256240845,4.472189903259277,-0.02296174131333828,752.1723163127899
451,-0.33418187499046326,4.521958351135254,-0.011527683585882187,753.8243436813354
452,0.03850185126066208,4.441133499145508,-0.06004311144351959,755.5031895637512
453,0.05400616675615311,4.491230010986328,-0.044513821601867676,757.190027475357
454,-0.2833414375782013,4.415473937988281,-0.027609150856733322,758.8722672462463
455,-0.14991667866706848,4.519966125488281,-0.037770871073007584,760.5104310512543
456,0.030661005526781082,4.473148345947266,-0.0556086003780365,762.1933515071869
457,-0.1203271746635437,4.491448402404785,-0.03686344623565674,763.8717725276947
458,-0.539195716381073,4.521875381469727,0.0011103078722953796,765.5528151988983
459,-0.31629306077957153,4.49357795715332,-0.03536113724112511,767.1930027008057
460,-0.17709077894687653,4.418265342712402,-0.03217219188809395,768.8746283054352
461,-0.8439663648605347,4.507216930389404,0.03045697510242462,770.5561709403992
462,-0.33505958318710327,4.439378261566162,-0.03719198703765869,772.2474751472473
463,0.03815755993127823,4.50430965423584,-0.03848900645971298,773.8893954753876
464,-0.4156240224838257,4.471393585205078,-0.022318612784147263,775.5749332904816
465,-0.20414912700653076,4.511962890625,-0.0348871648311615,777.254595041275
466,0.011933885514736176,4.467508316040039,-0.05416065827012062,778.8990578651428
467,0.24967056512832642,4.429614067077637,-0.06526000797748566,780.5842614173889
468,0.07878200709819794,4.436408996582031,-0.044913001358509064,782.2725851535797
469,-0.36956337094306946,4.5095343589782715,-0.016045060008764267,783.95441365242
470,-0.5079537034034729,4.50041389465332,-0.012566737830638885,785.5986320972443
471,-0.792016863822937,4.528895378112793,-0.004363314248621464,787.2810702323914
472,-0.2967150807380676,4.529195785522461,-0.036972060799598694,788.9712295532227
473,-0.48707887530326843,4.454315185546875,-0.0010217297822237015,790.6606423854828
474,-0.8431434631347656,4.464366912841797,0.04984435439109802,792.2995343208313
475,-0.6285606622695923,4.490167617797852,0.011145018972456455,793.9880323410034
476,-0.47534728050231934,4.4501848220825195,-0.005395169369876385,795.6682937145233
477,-0.6046740412712097,4.473706245422363,0.00784256961196661,797.3068368434906
478,-0.7964732050895691,4.441314697265625,0.041359566152095795,798.9856832027435
479,-0.45610302686691284,4.461541652679443,0.0009471923112869263,800.6519088745117
480,-0.7432621717453003,4.434306621551514,0.023483142256736755,802.2612013816833
481,-0.5200902223587036,4.543564319610596,0.006842657923698425,803.8311104774475
482,-0.40527164936065674,4.476877689361572,-0.014852587133646011,805.4411518573761
483,-0.4606616497039795,4.515439510345459,-0.0029996419325470924,807.0531780719757
484,-0.238905668258667,4.438460350036621,-0.016403377056121826,808.6651074886322
485,-0.24771831929683685,4.450567245483398,-0.03399243950843811,810.233057975769
486,-0.09161855280399323,4.403047561645508,-0.025653179734945297,811.8458926677704
487,-0.38831180334091187,4.4642157554626465,-0.01844998635351658,813.4668436050415
488,-0.4801204204559326,4.481851577758789,-0.00010523293167352676,815.0400269031525
489,-0.1381346732378006,4.417742729187012,-0.036291059106588364,816.658275604248
490,-0.30831608176231384,4.445448875427246,-0.022392109036445618,818.2758169174194
491,-0.6578938364982605,4.49935245513916,0.015514183789491653,819.885635137558
492,-0.6932780742645264,4.472973823547363,0.01662502996623516,821.4600486755371
493,-0.9020333290100098,4.4919023513793945,0.02167101763188839,823.07204413414
494,-0.6350016593933105,4.4818878173828125,-0.008850016631186008,824.679381608963
495,-0.45312008261680603,4.422545433044434,-0.013145659118890762,826.2918562889099
496,-0.5722630023956299,4.498772621154785,0.00361576396971941,827.8617594242096
497,-0.5398140549659729,4.5433807373046875,0.0037987520918250084,829.4688045978546
498,-0.6715245842933655,4.496711254119873,0.021773800253868103,831.0762746334076
499,-0.5455790758132935,4.515781402587891,0.019161557778716087,832.6959764957428
500,-0.25557833909988403,4.447725296020508,-0.013299298472702503,834.2696309089661
501,-0.6067078709602356,4.45504093170166,0.02281230315566063,835.9203014373779
502,-0.5565837621688843,4.454349517822266,0.0050447238609194756,837.5338833332062
503,-0.5988408923149109,4.490556716918945,-0.003860441967844963,839.1013045310974
504,-0.6226332187652588,4.45451021194458,0.0021252958104014397,840.7071707248688
505,-0.49252456426620483,4.464861869812012,-0.0019497089087963104,842.3198976516724
506,-0.06673943996429443,4.458612442016602,-0.037571072578430176,843.9322187900543
507,-0.38058578968048096,4.514533042907715,-0.011415518820285797,845.5069105625153
508,-0.31739768385887146,4.4207611083984375,-0.016144242137670517,847.124055147171
509,-0.7699850797653198,4.408793926239014,0.0005310177803039551,848.7426443099976
510,-0.35514122247695923,4.5064921379089355,-0.014184585772454739,850.3178372383118
511,-0.1563955396413803,4.467970848083496,-0.03261260688304901,851.9310448169708
512,-0.4530636668205261,4.4692888259887695,-0.003984748385846615,853.5440053939819
513,-0.6170868873596191,4.5156636238098145,0.02105569839477539,855.1563131809235
514,-0.24381119012832642,4.442479133605957,-0.012671353295445442,856.7267029285431
515,-1.169106364250183,4.535029411315918,0.06130624935030937,858.3336424827576
516,-0.4036346673965454,4.460387229919434,-0.01625266671180725,859.943859577179
517,-0.18419352173805237,4.479759216308594,-0.017123375087976456,861.55344414711
518,-0.5546209812164307,4.477751731872559,0.003870384767651558,863.122795343399
519,-0.513793408870697,4.475108623504639,-4.1233375668525696e-05,864.7319271564484
520,-0.7590641975402832,4.510017395019531,0.016390539705753326,866.3408031463623
521,-0.24570812284946442,4.46072244644165,-0.03007224015891552,867.9597163200378
522,-0.39461714029312134,4.4900970458984375,0.00205334834754467,869.5388939380646
523,-0.5044819116592407,4.494779586791992,-0.002149377018213272,871.153058052063
524,-0.7245815396308899,4.4617180824279785,0.014367703348398209,872.7642798423767
525,-0.4201764464378357,4.493504524230957,-0.005702191032469273,874.3380310535431
526,-0.3539263904094696,4.463595390319824,-0.010728158056735992,875.9484510421753
527,-0.253726601600647,4.478269577026367,-0.014040507376194,877.5588834285736
528,-0.2958729863166809,4.484035015106201,-0.019880075007677078,879.1667501926422
529,-0.9649508595466614,4.509521484375,0.05203516408801079,880.7327327728271
530,-0.2959309220314026,4.484661102294922,-0.013905346393585205,882.3420362472534
531,-0.5974740982055664,4.469748020172119,-0.007635472342371941,884.0524468421936
532,0.20951548218727112,4.458109378814697,-0.05859622359275818,885.6708796024323
533,0.07450184971094131,4.42301607131958,-0.051447995007038116,887.2366714477539
534,-0.09524881094694138,4.4409637451171875,-0.026884108781814575,888.8455884456635
535,-0.6477996706962585,4.441958427429199,0.0036498745903372765,890.4592278003693
536,-0.2220081090927124,4.41624641418457,-0.037064820528030396,892.0872671604156
537,-0.39826154708862305,4.480511665344238,-0.00837310217320919,893.6540806293488
538,-0.43951016664505005,4.428647994995117,0.0030790967866778374,895.2657771110535
539,-0.33034396171569824,4.454950332641602,-0.02399129793047905,896.8722460269928
540,-0.23640254139900208,4.376189231872559,-0.021795600652694702,898.7076127529144
541,-0.36047419905662537,4.40617036819458,-0.0089981434866786,900.3770725727081
542,-0.597999632358551,4.439888954162598,0.013923335820436478,902.0428266525269
543,-0.5462212562561035,4.4694366455078125,-0.00159385334700346,903.691920042038
544,-0.45326346158981323,4.405124664306641,0.012669243849813938,905.255622625351
545,-0.3082262873649597,4.437836170196533,-0.02266140654683113,906.862101316452
546,-0.6770555973052979,4.379016876220703,0.026966534554958344,908.4746234416962
547,-0.281166136264801,4.401791572570801,-0.021831702440977097,910.0480139255524
548,-0.4676358103752136,4.400374412536621,-0.005558785051107407,911.6613597869873
549,-0.20356816053390503,4.467053413391113,-0.027644287794828415,913.276789188385
550,-0.5055269598960876,4.446656227111816,-0.0005338424816727638,914.8866159915924
551,-0.701395571231842,4.429318428039551,0.010685472749173641,916.4714980125427
552,-0.40784209966659546,4.404824256896973,-0.006219616159796715,918.1333367824554
553,-0.6576089262962341,4.413120746612549,0.003308067098259926,919.7622358798981
554,-0.393954336643219,4.388390064239502,-0.02152078039944172,921.3719539642334
555,-0.19236591458320618,4.383075714111328,-0.036121200770139694,922.9421327114105
556,-0.3247615098953247,4.416149139404297,-0.013933248817920685,924.5494520664215
557,-0.10207860171794891,4.425628185272217,-0.0545133501291275,926.1652634143829
558,-0.44095879793167114,4.460869789123535,-0.01245023962110281,927.7779428958893
559,-0.4154297113418579,4.455765724182129,-0.006328755058348179,929.3521399497986
560,-0.4329008460044861,4.376619338989258,-0.0037548132240772247,930.9671218395233
561,-0.07147488743066788,4.419205665588379,-0.04059485346078873,932.5887987613678
562,-0.6936800479888916,4.42405891418457,0.017117124050855637,934.2099792957306
563,-0.5393474698066711,4.427070617675781,-0.001968802884221077,935.7868409156799
564,-0.12919223308563232,4.417935371398926,-0.03494608402252197,937.4011828899384
565,-1.0736932754516602,4.472012519836426,0.035468704998493195,939.009358882904
566,-0.2789899408817291,4.392195701599121,-0.03181573748588562,940.5788769721985
567,-0.46648696064949036,4.421231269836426,-0.0002904171124100685,942.1864218711853
568,-0.10964839160442352,4.410312652587891,-0.023967809975147247,943.7966907024384
569,-0.8302662372589111,4.451900482177734,0.018840186297893524,945.4047994613647
570,-0.5092109441757202,4.455059051513672,0.014615989290177822,946.9717223644257
571,-0.7798478603363037,4.412911415100098,0.035743165761232376,948.5791213512421
572,-0.29078367352485657,4.4327850341796875,-0.01961561292409897,950.1830768585205
573,-0.6090635061264038,4.486797332763672,0.01581820286810398,951.8000166416168
574,-0.2459200918674469,4.394195556640625,-0.027317453175783157,953.3814222812653
575,-0.2777031660079956,4.431140899658203,-0.041579924523830414,954.9963414669037
576,-0.1500127613544464,4.381163120269775,-0.03196012228727341,956.6087851524353
577,-0.47796839475631714,4.383114337921143,-0.013252935372292995,958.1873338222504
578,-0.023423321545124054,4.37205696105957,-0.0569557324051857,959.8012192249298
579,-0.246510848402977,4.419483661651611,-0.029715318232774734,961.4080183506012
580,-0.20840854942798615,4.454042434692383,-0.0113975265994668,963.0150980949402
581,-0.02057201787829399,4.385583877563477,-0.06212099269032478,964.5816810131073
582,-0.5023795366287231,4.3992438316345215,-0.007085239514708519,966.1887094974518
583,-0.5014680027961731,4.451539516448975,-0.012212321162223816,967.7971806526184
584,-0.683830201625824,4.393476486206055,-0.016459405422210693,969.4045898914337
585,-0.20953699946403503,4.507142066955566,-0.05813036486506462,970.9691197872162
586,-0.5299758911132812,4.416704177856445,-0.005544235929846764,972.5819270610809
587,-0.16179245710372925,4.3679914474487305,-0.039223991334438324,974.1919920444489
588,-0.17007894814014435,4.4129438400268555,-0.03238056227564812,975.7640013694763
589,-0.033434100449085236,4.443732738494873,-0.030651837587356567,977.3746936321259
590,-0.1833362579345703,4.368256568908691,-0.041963811963796616,978.9909262657166
591,0.19893546402454376,4.4189372062683105,-0.0701596736907959,980.6028387546539
592,-0.5600914359092712,4.369585990905762,-0.010191447101533413,982.1710913181305
593,0.24619895219802856,4.387401103973389,-0.07987585663795471,983.7754817008972
594,-0.25240105390548706,4.419128894805908,-0.021270522847771645,985.3842916488647
595,-0.09453614801168442,4.428327560424805,-0.048078782856464386,986.9951002597809
596,-0.31296834349632263,4.448176860809326,-0.0226278193295002,988.5642440319061
597,-0.25318363308906555,4.433837413787842,-0.027607575058937073,990.2446238994598
598,-0.33919084072113037,4.467988014221191,-0.024833783507347107,991.8509085178375
599,-0.03800560534000397,4.417930603027344,-0.049190789461135864,993.4638614654541
600,0.21857017278671265,4.435939788818359,-0.0648665726184845,995.0374324321747
601,0.01959085464477539,4.413893699645996,-0.06694550812244415,996.6617493629456
602,-0.024589166045188904,4.39122200012207,-0.05265487730503082,998.2766432762146
603,-0.2706229090690613,4.400290489196777,-0.03143001347780228,999.8490834236145
604,-0.5154746174812317,4.479152679443359,-0.00031638704240322113,1001.4595789909363
605,-0.05144116282463074,4.404139518737793,-0.037076327949762344,1003.0744113922119
606,-0.5635630488395691,4.418918609619141,0.0018040481954813004,1004.6851723194122
607,0.261302649974823,4.378384590148926,-0.06890282034873962,1006.2542085647583
608,0.09134620428085327,4.381329536437988,-0.063348188996315,1007.8613727092743
609,-0.17905080318450928,4.411371231079102,-0.04387379437685013,1009.4685614109039
610,-0.09546446055173874,4.353248596191406,-0.051469478756189346,1011.0379545688629
611,0.08779940754175186,4.374090194702148,-0.06329035758972168,1012.6461985111237
612,-0.3075188994407654,4.449685573577881,-0.02010742388665676,1014.2522428035736
613,-0.32898658514022827,4.428022384643555,-0.03383124992251396,1015.8670389652252
614,-0.765213668346405,4.444896697998047,0.01519534271210432,1017.4473667144775
615,-0.5967804193496704,4.399540901184082,-0.003035574220120907,1019.0609302520752
616,-0.3259248733520508,4.424386978149414,-0.02728239633142948,1020.6835751533508
617,-0.6425742506980896,4.377608776092529,0.01628035306930542,1022.3030045032501
618,-0.8580302000045776,4.426355361938477,0.048993807286024094,1023.8743171691895
619,-0.6521792411804199,4.377510070800781,0.007473248988389969,1025.4842245578766
620,-0.6561822891235352,4.381460189819336,0.01567399501800537,1027.0916748046875
621,-0.6818321943283081,4.393219947814941,0.019457653164863586,1028.704246520996
622,-0.8169443607330322,4.419432640075684,0.025502879172563553,1030.2677907943726
623,-0.7434242963790894,4.41752815246582,0.02464451640844345,1031.8772819042206
624,-0.36137521266937256,4.392703056335449,-0.012743680737912655,1033.4839043617249
625,-0.566419243812561,4.430051803588867,0.006395711563527584,1035.0493428707123
626,-0.29679393768310547,4.429689407348633,-0.011528817936778069,1036.6674613952637
627,-0.3484032452106476,4.409485340118408,-0.002886662259697914,1038.288244485855
628,-0.6342196464538574,4.402246475219727,0.014876280911266804,1039.9024679660797
629,-0.8280202150344849,4.447729110717773,0.02268725074827671,1041.4799597263336
630,-0.3306816816329956,4.39467716217041,-0.012662839144468307,1043.0932145118713
631,-0.6071628332138062,4.37490701675415,0.00908692553639412,1044.710123538971
632,-0.39417603611946106,4.399773597717285,0.001081043854355812,1046.3208389282227
633,-0.9356626272201538,4.432138919830322,0.02644546702504158,1047.8947250843048
634,-0.29209086298942566,4.412142276763916,-0.01851492188870907,1049.5055401325226
635,-0.5485765933990479,4.432476997375488,0.004948780871927738,1051.1170341968536
636,-0.9305062294006348,4.413026809692383,0.05049682781100273,1052.7411122322083
637,-0.6656935214996338,4.3784284591674805,0.012716579250991344,1054.3169462680817
638,-0.9199681282043457,4.371982574462891,0.019023235887289047,1055.9349403381348
639,-0.1765124797821045,4.36758279800415,-0.03492138534784317,1057.5469977855682
640,-0.478217214345932,4.346748352050781,0.003112192265689373,1059.1191835403442
641,-0.27351564168930054,4.441579818725586,-0.011490311473608017,1060.7302916049957
642,-0.43626683950424194,4.4320173263549805,0.005741214379668236,1062.3423795700073
643,-0.5963973999023438,4.405139923095703,0.015145405195653439,1063.9520251750946
644,-0.3474782407283783,4.407614707946777,-0.0013142665848135948,1065.5205733776093
645,-0.24140167236328125,4.397300720214844,-0.025028599426150322,1067.1269810199738
646,-0.4818875789642334,4.385254383087158,0.0033756382763385773,1068.7425019741058
647,-0.23651710152626038,4.340116024017334,-0.027062684297561646,1070.3139164447784
648,-0.38889652490615845,4.381345748901367,-0.014025463722646236,1071.9235270023346
649,-0.8350222110748291,4.4176764488220215,0.018377196043729782,1073.5450026988983
650,-0.463113933801651,4.363780975341797,-0.005768289789557457,1075.165001630783
651,-0.05633479356765747,4.402263641357422,-0.03199538215994835,1076.7477521896362
652,-0.5897895097732544,4.358978748321533,0.006377486512064934,1078.3545897006989
653,-0.47683507204055786,4.421901226043701,-0.0015015220269560814,1079.9693939685822
654,-0.8000693917274475,4.4154767990112305,0.02850346639752388,1081.5802009105682
655,-0.6407041549682617,4.364895343780518,0.021051131188869476,1083.150043964386
656,-0.8953813314437866,4.468051433563232,0.029225695878267288,1084.7585277557373
657,-0.6553056240081787,4.416029930114746,0.009504849091172218,1086.366702079773
658,-0.49872273206710815,4.410566329956055,0.009319930337369442,1087.9803841114044
659,-0.21231327950954437,4.388296604156494,-0.01974642276763916,1089.5523083209991
660,-0.9637113213539124,4.466444969177246,0.04898931458592415,1091.1636085510254
661,-0.3318675756454468,4.396811008453369,-0.017778834328055382,1092.774453163147
662,-0.7934391498565674,4.397829055786133,0.013050202280282974,1094.3914077281952
663,-0.4043155908584595,4.404520034790039,-0.010459069162607193,1095.9578111171722
664,-0.7320388555526733,4.443930625915527,0.015854235738515854,1097.5666422843933
665,-0.5747474431991577,4.404273986816406,0.008441728539764881,1099.1732540130615
666,-0.1694624423980713,4.396504878997803,-0.03927288204431534,1100.7378344535828
667,-0.3626399040222168,4.382150650024414,-0.012068969197571278,1102.3469789028168
668,-0.7587777972221375,4.411501884460449,0.001354895532131195,1103.9697930812836
669,-0.7226402163505554,4.444127082824707,0.019757013767957687,1105.5891225337982
670,-0.7851535081863403,4.420622825622559,0.03241662681102753,1107.1649441719055
671,-1.0549427270889282,4.394309043884277,0.05046959966421127,1108.7802081108093
672,-0.3574206531047821,4.348634719848633,-0.01323489286005497,1110.399525642395
673,-0.2284417748451233,4.380434989929199,-0.011182230897247791,1112.0146906375885
674,-0.5854017734527588,4.3767266273498535,-0.00024959538131952286,1113.5855853557587
675,-0.24370305240154266,4.333921432495117,-0.024062810465693474,1115.1976058483124
676,-1.1727404594421387,4.418210029602051,0.05114638805389404,1116.8077511787415
677,-0.6050978899002075,4.355371952056885,-0.007049715146422386,1118.375015258789
678,-0.4531254172325134,4.364214897155762,-0.007029315456748009,1119.9853327274323
679,-0.5348862409591675,4.342418193817139,-0.018464816734194756,1121.5960574150085
680,-0.7037410736083984,4.363765239715576,0.026210755109786987,1123.2091133594513
681,-0.4090530276298523,4.360958576202393,-0.0032264767214655876,1124.7807235717773
682,-0.3597407937049866,4.37596321105957,-0.01563483476638794,1126.3978147506714
683,-0.27620047330856323,4.404179096221924,-0.019827965646982193,1128.0094647407532
684,-0.5073467493057251,4.34818172454834,0.016117218881845474,1129.6227622032166
685,-0.32075825333595276,4.411942481994629,-0.018164312466979027,1131.1951773166656
686,-1.1788570880889893,4.403017520904541,0.050262972712516785,1132.8013615608215
687,-0.3110900819301605,4.396581649780273,-0.029427088797092438,1134.4104309082031
688,-0.3892759680747986,4.425782680511475,-0.007084470242261887,1135.9849784374237
689,-0.393694669008255,4.3498125076293945,-0.004270978271961212,1137.5967948436737
690,-0.7928374409675598,4.3988566398620605,0.028246603906154633,1139.2089715003967
691,-0.6157404184341431,4.43218994140625,0.006745410151779652,1140.8220381736755
692,-0.5191793441772461,4.356314659118652,0.00539383664727211,1142.3914136886597
693,-0.5220798254013062,4.4013214111328125,0.0029233479872345924,1143.9992485046387
694,-0.6049584150314331,4.397563934326172,0.014510954730212688,1145.6106746196747
695,-0.6605464220046997,4.464412212371826,0.032804761081933975,1147.224146604538
696,-0.48003220558166504,4.3839287757873535,-0.0005569346249103546,1148.79385304451
697,-0.05351002514362335,4.361132621765137,-0.03282345458865166,1150.4005315303802
698,-0.5528720021247864,4.388673305511475,0.027911435812711716,1152.0128436088562
699,-0.2879375219345093,4.346818923950195,-0.017516333609819412,1153.6343417167664
700,-0.5069304704666138,4.3911848068237305,0.010612497106194496,1155.2060024738312
701,-0.6829578876495361,4.410105228424072,0.012706547975540161,1156.831404209137
702,-0.84343022108078,4.39042854309082,0.01722904108464718,1158.4461960792542
703,-1.0873219966888428,4.412897109985352,0.05055044963955879,1160.0211384296417
704,-0.8487757444381714,4.386995315551758,0.04409918934106827,1161.6396088600159
705,-0.6108202934265137,4.447363376617432,0.029278907924890518,1163.2568306922913
706,-1.3976600170135498,4.440212726593018,0.07486779987812042,1164.8670461177826
707,-0.794283390045166,4.393607139587402,0.03652781620621681,1166.4334771633148
708,-0.6529552936553955,4.39008903503418,0.012477978132665157,1168.0479629039764
709,-0.7248483300209045,4.387547492980957,0.01876617595553398,1169.665769815445
710,-0.31980612874031067,4.401279449462891,-0.010999979451298714,1171.2417147159576
711,-0.7775447964668274,4.388288497924805,0.012206176295876503,1172.8538501262665
712,-0.7753602862358093,4.367397308349609,0.03464747220277786,1174.4628443717957
713,-0.9223235845565796,4.340555191040039,0.026532717049121857,1176.0673441886902
714,-0.056554488837718964,4.385069370269775,-0.04048837348818779,1177.633321762085
715,-0.13368158042430878,4.36425256729126,-0.02314910665154457,1179.241551399231
716,-0.3119637966156006,4.346702575683594,-0.018659349530935287,1180.8480038642883
717,-0.3672337830066681,4.363862037658691,-0.022805577144026756,1182.4536490440369
718,0.07645155489444733,4.374698638916016,-0.0519881546497345,1184.0187010765076
719,-0.3568897843360901,4.386248588562012,-0.010572881437838078,1185.630758523941
720,-0.3590526580810547,4.375300407409668,-0.03470116853713989,1187.2416656017303
721,-0.6747202277183533,4.39713191986084,0.027325257658958435,1188.8555490970612
722,-0.9344313740730286,4.4116597175598145,0.049148060381412506,1190.4249069690704
723,-0.5301460027694702,4.384164810180664,0.021183520555496216,1192.03679561615
724,-0.36572378873825073,4.3196563720703125,-0.0028615621849894524,1193.6524629592896
725,-0.43465396761894226,4.367130279541016,-0.014860466122627258,1195.2248690128326
726,-0.47704941034317017,4.411638259887695,0.0035994164645671844,1196.8304388523102
727,-0.40509167313575745,4.349059581756592,-0.003853880800306797,1198.4430360794067
728,-0.1545352339744568,4.371366500854492,-0.035939548164606094,1200.051720380783
729,-0.41898149251937866,4.4128828048706055,-0.010359934531152248,1201.6186621189117
730,-0.19150158762931824,4.360635280609131,-0.028188489377498627,1203.2249071598053
731,-0.2690158486366272,4.3974175453186035,-0.01583632454276085,1204.8356869220734
732,-0.2671542763710022,4.377462387084961,-0.027703098952770233,1206.447196483612
733,-0.38836073875427246,4.29318904876709,-0.011409072205424309,1208.0164198875427
734,-0.11771347373723984,4.350152015686035,-0.03167625889182091,1209.6284337043762
735,-0.06011892110109329,4.363243579864502,-0.031618356704711914,1211.235911846161
736,-0.13840173184871674,4.366825580596924,-0.04627254605293274,1212.8530921936035
737,0.11594438552856445,4.322606086730957,-0.07657665014266968,1214.4275014400482
738,-0.25628286600112915,4.337122440338135,-0.024513788521289825,1216.041669368744
739,-0.6363866925239563,4.403058052062988,0.024335768073797226,1217.6462850570679
740,-0.4499972462654114,4.356268405914307,0.0046723224222660065,1219.2142894268036
741,-0.8087576627731323,4.3425397872924805,-0.021372316405177116,1220.8202846050262
742,-0.3185309171676636,4.412675857543945,-0.02509533241391182,1222.4274401664734
743,-0.7116664052009583,4.378843307495117,0.021367087960243225,1224.0305647850037
744,-0.23623134195804596,4.352128028869629,-0.02451357990503311,1225.5900828838348
745,-0.40830931067466736,4.366175651550293,-0.007688865065574646,1227.1909804344177
746,-0.6864217519760132,4.423655986785889,0.005511576309800148,1228.7979187965393
747,-0.502102255821228,4.337355136871338,-0.012590012513101101,1230.3666043281555
748,-0.2658015489578247,4.365869522094727,-0.012682572938501835,1231.9694545269012
749,-0.8717129230499268,4.368215084075928,0.027596428990364075,1233.5810084342957
750,-0.4741368293762207,4.358918190002441,0.0035808561369776726,1235.1905646324158
751,-0.40763670206069946,4.33231782913208,-0.009270637296140194,1236.7683844566345
752,-0.5273207426071167,4.330718994140625,-0.019388442859053612,1238.37047457695
753,-0.5185872316360474,4.428521156311035,0.0023602433502674103,1239.9750456809998
754,-0.3770815432071686,4.325069427490234,-0.018997786566615105,1241.572019815445
755,-0.16267964243888855,4.3259711265563965,-0.03036630153656006,1243.1364510059357
756,-0.5976181030273438,4.391150951385498,-0.006282915361225605,1244.7331991195679
757,-0.5742497444152832,4.428225517272949,0.010061549954116344,1246.3311793804169
758,-0.14248116314411163,4.342576026916504,-0.03703579679131508,1247.932911157608
759,-0.28230583667755127,4.3754425048828125,-0.01341098640114069,1249.4969947338104
760,-0.2720514237880707,4.338763236999512,-0.029617125168442726,1251.10036444664
761,-0.9017825722694397,4.407207489013672,0.02613721787929535,1252.7099883556366
762,-0.5235913395881653,4.331721305847168,0.014229844324290752,1254.3235545158386
763,-0.39325639605522156,4.349231719970703,0.008875161409378052,1255.885327577591
764,-0.832213282585144,4.4104413986206055,0.049160148948431015,1257.4874346256256
765,-0.24044348299503326,4.331703186035156,-0.032034844160079956,1259.0910234451294
766,-0.17410919070243835,4.371435165405273,-0.023733584210276604,1260.648958683014
767,-0.4778826832771301,4.367432594299316,0.005582421086728573,1262.2444560527802
768,-0.565890908241272,4.396962642669678,0.013343841768801212,1263.8414642810822
769,-0.9607862234115601,4.380291938781738,0.055174171924591064,1265.4326224327087
770,-1.1944022178649902,4.415859222412109,0.05360756441950798,1266.9877047538757
771,-0.6541631817817688,4.376039981842041,0.018664095550775528,1268.5865881443024
772,-1.2580950260162354,4.441169261932373,0.06208533048629761,1270.1883022785187
773,-0.51411372423172,4.343356609344482,0.008263558149337769,1271.7968611717224
774,-0.48528236150741577,4.377797603607178,-0.0013912860304117203,1273.3583135604858
775,-0.6353840827941895,4.323459625244141,0.01649656519293785,1274.9624888896942
776,-0.8313535451889038,4.402158737182617,0.04546387493610382,1276.5593843460083
777,-0.6164147853851318,4.3619256019592285,0.015464282594621181,1278.1150977611542
778,-0.46780964732170105,4.352370262145996,-0.016084279865026474,1279.709949016571
779,-0.3847089409828186,4.318719387054443,-0.020045965909957886,1281.303303718567
780,-0.20664769411087036,4.377263069152832,-0.030563227832317352,1282.8995978832245
781,-0.29495635628700256,4.3221282958984375,-0.025294095277786255,1284.45592212677
782,-0.5355072021484375,4.373348712921143,0.013984882272779942,1286.0570442676544
783,-0.7533782720565796,4.347627639770508,0.0145276989787817,1287.6586101055145
784,-0.27924948930740356,4.354514122009277,-0.015070468187332153,1289.2658276557922
785,0.061788082122802734,4.340466022491455,-0.05018271133303642,1290.824886083603
786,-0.4316351115703583,4.402831077575684,-0.005760576575994492,1292.4222099781036
787,-0.4140584468841553,4.359627723693848,-0.025968756526708603,1294.019270658493
788,-0.4521046578884125,4.374908924102783,-0.010875113308429718,1295.5720870494843
789,-0.45314547419548035,4.364075660705566,-0.010751975700259209,1297.168219089508
790,-0.7848008871078491,4.375978469848633,0.03715582937002182,1298.7704739570618
791,-0.7350456714630127,4.382132530212402,0.0012817010283470154,1300.363985300064
792,-0.7396510243415833,4.376620292663574,0.02424360066652298,1301.9225039482117
793,-0.9748625755310059,4.349466323852539,0.028982393443584442,1303.5240199565887
794,-0.11776553094387054,4.341227054595947,-0.051434434950351715,1305.1236653327942
795,-0.4539007544517517,4.369884490966797,-0.015458265319466591,1306.7250118255615
796,-0.3481560945510864,4.4073052406311035,-0.016415610909461975,1308.2885720729828
797,-0.1750299334526062,4.333627223968506,-0.026200197637081146,1309.8923840522766
798,-0.2541269063949585,4.300866603851318,-0.05275522172451019,1311.4936063289642
799,-0.6723909378051758,4.381257057189941,0.01495408732444048,1313.0992214679718
800,-0.41672539710998535,4.327978610992432,-0.005994711071252823,1314.659411430359
801,-0.4449061155319214,4.392526149749756,-0.0094597227871418,1316.2672894001007
802,-0.46676942706108093,4.3119683265686035,-0.0028761224821209908,1317.8688383102417
803,-1.0481319427490234,4.369878768920898,0.0311832744628191,1319.4328656196594
804,-0.7249694466590881,4.416245937347412,0.014069650322198868,1321.025467634201
805,-0.6449442505836487,4.363699913024902,0.013554963283240795,1322.6233563423157
806,-0.509273111820221,4.3943657875061035,0.017487164586782455,1324.2237920761108
807,-0.4785652756690979,4.358072280883789,0.0033499281853437424,1325.7793338298798
808,-0.5368402004241943,4.34222412109375,0.01788805052638054,1327.3761267662048
809,-0.6733460426330566,4.389967918395996,0.020922768861055374,1328.9812061786652
810,-0.024524390697479248,4.390961647033691,-0.04778562858700752,1330.5430896282196
811,-0.34954148530960083,4.305171966552734,-0.016288351267576218,1332.1394793987274
812,-0.6601006984710693,4.397231101989746,0.01532874908298254,1333.7391214370728
813,-0.4212200343608856,4.36444091796875,-0.01492568850517273,1335.33434009552
814,-0.31659168004989624,4.394832611083984,-0.008973600342869759,1336.8931226730347
815,-0.769157350063324,4.424935340881348,0.021096989512443542,1338.4948236942291
816,-0.5121557116508484,4.401904106140137,-0.007251910865306854,1340.0974361896515
817,-0.16367238759994507,4.3683319091796875,-0.038240574300289154,1341.6958782672882
818,-0.6954795122146606,4.365756034851074,0.012916449457406998,1343.2609615325928
819,-0.7533233761787415,4.3812785148620605,0.01917746104300022,1344.8635520935059
820,-0.2811049222946167,4.328307151794434,-0.017512734979391098,1346.461360692978
821,-0.5786597728729248,4.366594314575195,0.01118300762027502,1348.0595622062683
822,-0.883718729019165,4.324389457702637,0.044661812484264374,1349.6242270469666
823,-0.27013689279556274,4.34697151184082,-0.01325344666838646,1351.2275784015656
824,0.21899902820587158,4.287995338439941,-0.06468211859464645,1352.8282356262207
825,-0.5700748562812805,4.348421573638916,0.01262225303798914,1354.3911855220795
826,-0.5601762533187866,4.330508708953857,0.007930046878755093,1355.9870128631592
827,-0.32869839668273926,4.33775520324707,-0.006371581926941872,1357.587000131607
828,-0.27544692158699036,4.329206466674805,-0.018599703907966614,1359.184651851654
829,-0.8364180326461792,4.405941963195801,0.027185510843992233,1360.7428216934204
830,-0.5968799591064453,4.3286333084106445,-0.0011328067630529404,1362.3352110385895
831,-0.7617876529693604,4.344388008117676,0.028806841000914574,1363.94122672081
832,-0.12100163847208023,4.3226447105407715,-0.037020955234766006,1365.5397398471832
833,-0.1380680799484253,4.298640727996826,-0.022900819778442383,1367.1007678508759
834,-0.07169036567211151,4.333609104156494,-0.039660193026065826,1368.6979842185974
835,-0.30809643864631653,4.305863380432129,-0.0234721340239048,1370.3002593517303
836,-0.7162731885910034,4.385279655456543,0.031168628484010696,1371.9066808223724
837,-0.26125967502593994,4.341349124908447,-0.016095785424113274,1373.4691517353058
838,0.022344641387462616,4.346285343170166,-0.04914277791976929,1375.0764718055725
839,-0.3838861286640167,4.321934700012207,-0.02001764625310898,1376.6702284812927
840,-0.5581744909286499,4.4187116622924805,0.0006019240245223045,1378.2287080287933
841,-0.25912994146347046,4.32335901260376,-0.02507237158715725,1379.8241646289825
842,-0.29755204916000366,4.330999374389648,-0.031604938209056854,1381.4253709316254
843,-0.04174632206559181,4.3183088302612305,-0.04625287652015686,1383.0253584384918
844,0.08793990314006805,4.331803321838379,-0.056846123188734055,1384.5830976963043
845,-0.19605988264083862,4.360844612121582,-0.024839898571372032,1386.1785855293274
846,0.2811950743198395,4.278756141662598,-0.08499259501695633,1387.7797248363495
847,-0.32536572217941284,4.360659599304199,-0.015573122538626194,1389.3374342918396
848,-0.31578582525253296,4.324675559997559,-0.01461512129753828,1390.9398305416107
849,-0.4632105827331543,4.329699516296387,0.00420309416949749,1392.5393805503845
850,-0.31600600481033325,4.3226165771484375,-0.01862329989671707,1394.1446743011475
