Model,Seed,Mean Distance
VRP-Agent,1234,5.943743705749512
VRP-Random-Agent,1234,22.282304763793945
VRP-Agent,1234,6.876578330993652
VRP-Random-Agent,1234,27.535486221313477
VRP-Agent,1234,6.407100200653076
VRP-Random-Agent,1234,20.837663650512695
VRP-Agent,1234,5.370480537414551
VRP-Random-Agent,1234,19.52631187438965
VRP-Agent,1234,5.91773796081543
VRP-Random-Agent,1234,21.149456024169922
VRP-Agent,1234,6.739511489868164
VRP-Random-Agent,1234,24.496387481689453
VRP-Agent,1234,6.990769863128662
VRP-Random-Agent,1234,22.7148494720459
VRP-Agent,1234,5.904531955718994
VRP-Random-Agent,1234,26.366195678710938
VRP-Agent,1234,6.680030345916748
VRP-Random-Agent,1234,22.074665069580078
VRP-Agent,1234,5.86237907409668
VRP-Random-Agent,1234,21.39077377319336
VRP-Agent,1234,6.532978534698486
VRP-Random-Agent,1234,21.427518844604492
VRP-Agent,1234,6.0425801277160645
VRP-Random-Agent,1234,22.709199905395508
VRP-Agent,1234,6.752344131469727
VRP-Random-Agent,1234,25.442811965942383
VRP-Agent,1234,6.347065448760986
VRP-Random-Agent,1234,25.433759689331055
VRP-Agent,1234,7.024148941040039
VRP-Random-Agent,1234,22.53133773803711
VRP-Agent,1234,6.483741760253906
VRP-Random-Agent,1234,20.759313583374023
VRP-Agent,1234,6.676133155822754
VRP-Random-Agent,1234,23.82295036315918
VRP-Agent,1234,6.231760025024414
VRP-Random-Agent,1234,22.98465347290039
VRP-Agent,1234,6.262265205383301
VRP-Random-Agent,1234,19.827619552612305
VRP-Agent,1234,6.739108562469482
VRP-Random-Agent,1234,23.21493911743164
VRP-Agent,1234,6.503171443939209
VRP-Random-Agent,1234,25.37218475341797
VRP-Agent,1234,6.2864460945129395
VRP-Random-Agent,1234,24.285295486450195
VRP-Agent,1234,6.186068058013916
VRP-Random-Agent,1234,19.2625789642334
VRP-Agent,1234,6.424854755401611
VRP-Random-Agent,1234,22.295116424560547
VRP-Agent,1234,7.185470104217529
VRP-Random-Agent,1234,25.933700561523438
VRP-Agent,1234,5.912441730499268
VRP-Random-Agent,1234,21.794353485107422
VRP-Agent,1234,6.496408462524414
VRP-Random-Agent,1234,21.641843795776367
VRP-Agent,1234,6.0502142906188965
VRP-Random-Agent,1234,24.072708129882812
VRP-Agent,1234,6.659546852111816
VRP-Random-Agent,1234,24.640056610107422
VRP-Agent,1234,6.759624481201172
VRP-Random-Agent,1234,22.176036834716797
VRP-Agent,1234,5.936657905578613
VRP-Random-Agent,1234,22.679443359375
VRP-Agent,1234,7.143472194671631
VRP-Random-Agent,1234,22.424970626831055
VRP-Agent,1234,6.3785929679870605
VRP-Random-Agent,1234,22.910541534423828
VRP-Agent,1234,7.01276159286499
VRP-Random-Agent,1234,24.180742263793945
VRP-Agent,1234,7.606234073638916
VRP-Random-Agent,1234,24.74059295654297
VRP-Agent,1234,6.109918594360352
VRP-Random-Agent,1234,22.010799407958984
VRP-Agent,1234,6.5450921058654785
VRP-Random-Agent,1234,22.838071823120117
VRP-Agent,1234,5.942355632781982
VRP-Random-Agent,1234,22.31548500061035
VRP-Agent,1234,5.660677909851074
VRP-Random-Agent,1234,21.579959869384766
VRP-Agent,1234,6.010483264923096
VRP-Random-Agent,1234,22.646541595458984
VRP-Agent,1234,6.7083845138549805
VRP-Random-Agent,1234,22.63181495666504
VRP-Agent,1234,6.476297378540039
VRP-Random-Agent,1234,23.813499450683594
VRP-Agent,1234,6.307562828063965
VRP-Random-Agent,1234,21.25465202331543
VRP-Agent,1234,5.79688835144043
VRP-Random-Agent,1234,22.609752655029297
VRP-Agent,1234,6.790625095367432
VRP-Random-Agent,1234,20.72466278076172
VRP-Agent,1234,5.759775638580322
VRP-Random-Agent,1234,24.136510848999023
VRP-Agent,1234,5.497185707092285
VRP-Random-Agent,1234,22.726261138916016
VRP-Agent,1234,6.002528190612793
VRP-Random-Agent,1234,21.760862350463867
VRP-Agent,1234,6.01835298538208
VRP-Random-Agent,1234,23.84653663635254
VRP-Agent,1234,5.993460655212402
VRP-Random-Agent,1234,20.11890411376953
VRP-Agent,1234,5.440853118896484
VRP-Random-Agent,1234,23.490400314331055
VRP-Agent,1234,6.593000411987305
VRP-Random-Agent,1234,26.748098373413086
VRP-Agent,1234,5.836037635803223
VRP-Random-Agent,1234,20.714481353759766
VRP-Agent,1234,6.09006404876709
VRP-Random-Agent,1234,20.90182113647461
VRP-Agent,1234,5.654127597808838
VRP-Random-Agent,1234,20.48432731628418
VRP-Agent,1234,6.417695045471191
VRP-Random-Agent,1234,23.327978134155273
VRP-Agent,1234,6.032468795776367
VRP-Random-Agent,1234,21.799766540527344
VRP-Agent,1234,5.383660316467285
VRP-Random-Agent,1234,22.634544372558594
VRP-Agent,1234,7.227670192718506
VRP-Random-Agent,1234,24.35023307800293
VRP-Agent,1234,6.278318405151367
VRP-Random-Agent,1234,17.779869079589844
VRP-Agent,1234,6.4931464195251465
VRP-Random-Agent,1234,22.194438934326172
VRP-Agent,1234,6.611846446990967
VRP-Random-Agent,1234,21.84424591064453
VRP-Agent,1234,7.535614967346191
VRP-Random-Agent,1234,19.69629669189453
VRP-Agent,1234,5.700779438018799
VRP-Random-Agent,1234,24.882474899291992
VRP-Agent,1234,6.170271873474121
VRP-Random-Agent,1234,24.253923416137695
VRP-Agent,1234,7.199367046356201
VRP-Random-Agent,1234,20.851417541503906
VRP-Agent,1234,7.059311389923096
VRP-Random-Agent,1234,24.471534729003906
VRP-Agent,1234,6.381138801574707
VRP-Random-Agent,1234,22.098461151123047
VRP-Agent,1234,7.102931499481201
VRP-Random-Agent,1234,22.325023651123047
VRP-Agent,1234,6.825174808502197
VRP-Random-Agent,1234,19.89798355102539
VRP-Agent,1234,6.228534698486328
VRP-Random-Agent,1234,22.61804962158203
VRP-Agent,1234,7.48098611831665
VRP-Random-Agent,1234,18.489330291748047
VRP-Agent,1234,7.192763805389404
VRP-Random-Agent,1234,23.557722091674805
VRP-Agent,1234,5.6360883712768555
VRP-Random-Agent,1234,20.51083755493164
VRP-Agent,1234,5.557961463928223
VRP-Random-Agent,1234,20.878231048583984
VRP-Agent,1234,5.998713970184326
VRP-Random-Agent,1234,19.78165054321289
VRP-Agent,1234,5.5668511390686035
VRP-Random-Agent,1234,21.81771469116211
VRP-Agent,1234,6.391872406005859
VRP-Random-Agent,1234,22.13429832458496
VRP-Agent,1234,7.110509395599365
VRP-Random-Agent,1234,23.722822189331055
VRP-Agent,1234,5.640041828155518
VRP-Random-Agent,1234,19.165597915649414
VRP-Agent,1234,5.737668037414551
VRP-Random-Agent,1234,25.83405113220215
VRP-Agent,1234,6.558192253112793
VRP-Random-Agent,1234,24.098106384277344
VRP-Agent,1234,5.477536678314209
VRP-Random-Agent,1234,22.74306297302246
VRP-Agent,1234,6.886273384094238
VRP-Random-Agent,1234,22.254798889160156
VRP-Agent,1234,5.6006646156311035
VRP-Random-Agent,1234,22.225204467773438
VRP-Agent,1234,6.152310848236084
VRP-Random-Agent,1234,28.75572395324707
VRP-Agent,1234,6.447709560394287
VRP-Random-Agent,1234,21.289648056030273
VRP-Agent,1234,6.702363014221191
VRP-Random-Agent,1234,19.823654174804688
VRP-Agent,1234,6.306140422821045
VRP-Random-Agent,1234,23.048791885375977
VRP-Agent,1234,5.857104778289795
VRP-Random-Agent,1234,22.665027618408203
VRP-Agent,1234,6.403167247772217
VRP-Random-Agent,1234,23.15623664855957
VRP-Agent,1234,6.327649116516113
VRP-Random-Agent,1234,26.272003173828125
VRP-Agent,1234,6.563618183135986
VRP-Random-Agent,1234,21.55551528930664
VRP-Agent,1234,6.403399467468262
VRP-Random-Agent,1234,23.395978927612305
VRP-Agent,1234,6.471302509307861
VRP-Random-Agent,1234,24.36290740966797
VRP-Agent,1234,6.925135612487793
VRP-Random-Agent,1234,23.77106475830078
VRP-Agent,1234,5.789356708526611
VRP-Random-Agent,1234,19.735116958618164
VRP-Agent,1234,6.086541652679443
VRP-Random-Agent,1234,20.24726676940918
VRP-Agent,1234,6.212090015411377
VRP-Random-Agent,1234,23.97992515563965
VRP-Agent,1234,5.2950615882873535
VRP-Random-Agent,1234,23.683382034301758
VRP-Agent,1234,6.005739688873291
VRP-Random-Agent,1234,23.110328674316406
VRP-Agent,1234,6.1484055519104
VRP-Random-Agent,1234,17.880765914916992
VRP-Agent,1234,6.717336177825928
VRP-Random-Agent,1234,21.5625057220459
VRP-Agent,1234,5.130794048309326
VRP-Random-Agent,1234,25.50558090209961
VRP-Agent,1234,5.46008825302124
VRP-Random-Agent,1234,22.116037368774414
VRP-Agent,1234,6.0572896003723145
VRP-Random-Agent,1234,20.313749313354492
VRP-Agent,1234,5.872457504272461
VRP-Random-Agent,1234,22.167570114135742
VRP-Agent,1234,7.017552852630615
VRP-Random-Agent,1234,20.700138092041016
VRP-Agent,1234,6.674814224243164
VRP-Random-Agent,1234,23.36113166809082
VRP-Agent,1234,5.73660945892334
VRP-Random-Agent,1234,23.753334045410156
VRP-Agent,1234,7.005665302276611
VRP-Random-Agent,1234,23.30447769165039
VRP-Agent,1234,5.801492691040039
VRP-Random-Agent,1234,25.19916343688965
VRP-Agent,1234,6.486177921295166
VRP-Random-Agent,1234,21.202733993530273
VRP-Agent,1234,5.710746765136719
VRP-Random-Agent,1234,16.806137084960938
VRP-Agent,1234,5.620533466339111
VRP-Random-Agent,1234,21.47660255432129
VRP-Agent,1234,5.9913811683654785
VRP-Random-Agent,1234,26.903064727783203
VRP-Agent,1234,6.23954439163208
VRP-Random-Agent,1234,22.486413955688477
VRP-Agent,1234,6.086385726928711
VRP-Random-Agent,1234,22.866201400756836
VRP-Agent,1234,6.510739326477051
VRP-Random-Agent,1234,20.608983993530273
VRP-Agent,1234,6.817315101623535
VRP-Random-Agent,1234,25.33820343017578
VRP-Agent,1234,6.465264797210693
VRP-Random-Agent,1234,21.768321990966797
VRP-Agent,1234,6.011599540710449
VRP-Random-Agent,1234,23.102453231811523
VRP-Agent,1234,5.929744243621826
VRP-Random-Agent,1234,26.21459197998047
VRP-Agent,1234,6.24398946762085
VRP-Random-Agent,1234,19.675777435302734
VRP-Agent,1234,6.270267963409424
VRP-Random-Agent,1234,22.48724365234375
VRP-Agent,1234,5.767197608947754
VRP-Random-Agent,1234,22.228958129882812
VRP-Agent,1234,5.991415500640869
VRP-Random-Agent,1234,22.492919921875
VRP-Agent,1234,6.814589500427246
VRP-Random-Agent,1234,24.777637481689453
VRP-Agent,1234,5.337192058563232
VRP-Random-Agent,1234,22.231082916259766
VRP-Agent,1234,6.273814678192139
VRP-Random-Agent,1234,20.506240844726562
VRP-Agent,1234,6.656785011291504
VRP-Random-Agent,1234,21.86964225769043
VRP-Agent,1234,6.878880977630615
VRP-Random-Agent,1234,23.476903915405273
VRP-Agent,1234,6.363012313842773
VRP-Random-Agent,1234,23.557558059692383
VRP-Agent,1234,6.571955680847168
VRP-Random-Agent,1234,24.511594772338867
VRP-Agent,1234,6.589687824249268
VRP-Random-Agent,1234,23.269290924072266
VRP-Agent,1234,6.89444637298584
VRP-Random-Agent,1234,21.917997360229492
VRP-Agent,1234,6.805384159088135
VRP-Random-Agent,1234,21.74681282043457
VRP-Agent,1234,6.357955455780029
VRP-Random-Agent,1234,21.79538345336914
VRP-Agent,1234,6.546842575073242
VRP-Random-Agent,1234,22.211671829223633
VRP-Agent,1234,6.180597305297852
VRP-Random-Agent,1234,22.278465270996094
VRP-Agent,1234,6.242115020751953
VRP-Random-Agent,1234,21.41326141357422
VRP-Agent,1234,6.989851474761963
VRP-Random-Agent,1234,22.046186447143555
VRP-Agent,1234,5.481259822845459
VRP-Random-Agent,1234,25.44656753540039
VRP-Agent,1234,6.358389377593994
VRP-Random-Agent,1234,22.858142852783203
VRP-Agent,1234,6.702971458435059
VRP-Random-Agent,1234,21.823162078857422
VRP-Agent,1234,5.8141350746154785
VRP-Random-Agent,1234,20.540597915649414
VRP-Agent,1234,7.0270466804504395
VRP-Random-Agent,1234,25.182353973388672
VRP-Agent,1234,6.146068096160889
VRP-Random-Agent,1234,19.258121490478516
VRP-Agent,1234,7.001979351043701
VRP-Random-Agent,1234,22.579898834228516
VRP-Agent,1234,5.254512786865234
VRP-Random-Agent,1234,21.835874557495117
VRP-Agent,1234,6.238111972808838
VRP-Random-Agent,1234,20.78713607788086
VRP-Agent,1234,5.794020652770996
VRP-Random-Agent,1234,21.868022918701172
VRP-Agent,1234,6.0234856605529785
VRP-Random-Agent,1234,24.864032745361328
VRP-Agent,1234,6.445268154144287
VRP-Random-Agent,1234,21.890113830566406
VRP-Agent,1234,6.098532676696777
VRP-Random-Agent,1234,23.251937866210938
VRP-Agent,1234,5.845031261444092
VRP-Random-Agent,1234,19.615772247314453
VRP-Agent,1234,6.17465877532959
VRP-Random-Agent,1234,19.026531219482422
VRP-Agent,1234,6.615994453430176
VRP-Random-Agent,1234,25.324560165405273
VRP-Agent,1234,6.619170188903809
VRP-Random-Agent,1234,23.00684356689453
VRP-Agent,1234,6.208958625793457
VRP-Random-Agent,1234,25.49546241760254
VRP-Agent,1234,5.638448238372803
VRP-Random-Agent,1234,19.828752517700195
VRP-Agent,1234,5.579686641693115
VRP-Random-Agent,1234,23.4503173828125
VRP-Agent,1234,6.241225242614746
VRP-Random-Agent,1234,24.194602966308594
VRP-Agent,1234,6.519712448120117
VRP-Random-Agent,1234,23.013389587402344
VRP-Agent,1234,6.097589492797852
VRP-Random-Agent,1234,23.76004981994629
VRP-Agent,1234,6.775038242340088
VRP-Random-Agent,1234,23.884685516357422
VRP-Agent,1234,6.533718109130859
VRP-Random-Agent,1234,19.48414421081543
VRP-Agent,1234,5.443838596343994
VRP-Random-Agent,1234,20.06602668762207
VRP-Agent,1234,6.7118682861328125
VRP-Random-Agent,1234,21.569915771484375
VRP-Agent,1234,6.425699234008789
VRP-Random-Agent,1234,20.428049087524414
VRP-Agent,1234,6.787993431091309
VRP-Random-Agent,1234,21.987640380859375
VRP-Agent,1234,6.256401062011719
VRP-Random-Agent,1234,23.132431030273438
VRP-Agent,1234,5.366681098937988
VRP-Random-Agent,1234,20.044763565063477
VRP-Agent,1234,5.537504196166992
VRP-Random-Agent,1234,20.351015090942383
VRP-Agent,1234,6.689606189727783
VRP-Random-Agent,1234,23.30775260925293
VRP-Agent,1234,6.370228290557861
VRP-Random-Agent,1234,22.422527313232422
VRP-Agent,1234,6.701240062713623
VRP-Random-Agent,1234,21.63353729248047
VRP-Agent,1234,5.683948516845703
VRP-Random-Agent,1234,21.69353485107422
VRP-Agent,1234,5.868092060089111
VRP-Random-Agent,1234,20.042314529418945
VRP-Agent,1234,6.562854766845703
VRP-Random-Agent,1234,20.616737365722656
VRP-Agent,1234,6.6515212059021
VRP-Random-Agent,1234,20.90726661682129
VRP-Agent,1234,6.696047782897949
VRP-Random-Agent,1234,26.566364288330078
VRP-Agent,1234,6.628608703613281
VRP-Random-Agent,1234,24.39670181274414
VRP-Agent,1234,6.192943096160889
VRP-Random-Agent,1234,26.963552474975586
VRP-Agent,1234,6.314681053161621
VRP-Random-Agent,1234,23.79651641845703
VRP-Agent,1234,6.638646602630615
VRP-Random-Agent,1234,20.69754981994629
VRP-Agent,1234,6.060812473297119
VRP-Random-Agent,1234,24.323341369628906
VRP-Agent,1234,6.472430229187012
VRP-Random-Agent,1234,21.3096923828125
VRP-Agent,1234,6.250245571136475
VRP-Random-Agent,1234,25.249610900878906
VRP-Agent,1234,7.3084187507629395
VRP-Random-Agent,1234,23.21559715270996
VRP-Agent,1234,6.287487030029297
VRP-Random-Agent,1234,21.30891227722168
VRP-Agent,1234,5.962802410125732
VRP-Random-Agent,1234,24.849109649658203
VRP-Agent,1234,6.505143642425537
VRP-Random-Agent,1234,27.06008529663086
VRP-Agent,1234,6.168466567993164
VRP-Random-Agent,1234,21.258556365966797
VRP-Agent,1234,5.431765079498291
VRP-Random-Agent,1234,21.37195587158203
VRP-Agent,1234,6.255063533782959
VRP-Random-Agent,1234,20.40470314025879
VRP-Agent,1234,6.345839977264404
VRP-Random-Agent,1234,19.75210189819336
VRP-Agent,1234,6.7139811515808105
VRP-Random-Agent,1234,22.481714248657227
VRP-Agent,1234,6.1317877769470215
VRP-Random-Agent,1234,27.004779815673828
VRP-Agent,1234,6.215385913848877
VRP-Random-Agent,1234,19.77764129638672
VRP-Agent,1234,6.654959201812744
VRP-Random-Agent,1234,20.924930572509766
VRP-Agent,1234,6.988841533660889
VRP-Random-Agent,1234,22.596086502075195
VRP-Agent,1234,6.242806911468506
VRP-Random-Agent,1234,22.6180419921875
VRP-Agent,1234,6.421823501586914
VRP-Random-Agent,1234,26.244230270385742
VRP-Agent,1234,6.274528980255127
VRP-Random-Agent,1234,21.801429748535156
VRP-Agent,1234,6.074048042297363
VRP-Random-Agent,1234,21.628067016601562
VRP-Agent,1234,6.574953079223633
VRP-Random-Agent,1234,22.269832611083984
VRP-Agent,1234,6.0785956382751465
VRP-Random-Agent,1234,19.739240646362305
VRP-Agent,1234,6.345276355743408
VRP-Random-Agent,1234,23.559085845947266
VRP-Agent,1234,5.952609062194824
VRP-Random-Agent,1234,24.614421844482422
VRP-Agent,1234,6.15240478515625
VRP-Random-Agent,1234,20.492250442504883
VRP-Agent,1234,6.098143577575684
VRP-Random-Agent,1234,24.433597564697266
VRP-Agent,1234,6.740909576416016
VRP-Random-Agent,1234,20.05479621887207
VRP-Agent,1234,6.113129615783691
VRP-Random-Agent,1234,20.41560935974121
VRP-Agent,1234,5.350636959075928
VRP-Random-Agent,1234,20.01118278503418
VRP-Agent,1234,6.4603471755981445
VRP-Random-Agent,1234,21.011014938354492
VRP-Agent,1234,6.726036548614502
VRP-Random-Agent,1234,21.83643913269043
VRP-Agent,1234,6.492696762084961
VRP-Random-Agent,1234,25.91123390197754
VRP-Agent,1234,7.61525821685791
VRP-Random-Agent,1234,22.098194122314453
VRP-Agent,1234,7.5013957023620605
VRP-Random-Agent,1234,23.528949737548828
VRP-Agent,1234,5.896144390106201
VRP-Random-Agent,1234,24.32599639892578
VRP-Agent,1234,5.783266544342041
VRP-Random-Agent,1234,19.705219268798828
VRP-Agent,1234,6.7059221267700195
VRP-Random-Agent,1234,18.798179626464844
VRP-Agent,1234,6.955793380737305
VRP-Random-Agent,1234,23.457630157470703
VRP-Agent,1234,5.95428466796875
VRP-Random-Agent,1234,28.25611114501953
VRP-Agent,1234,5.704207897186279
VRP-Random-Agent,1234,20.180622100830078
VRP-Agent,1234,6.551804065704346
VRP-Random-Agent,1234,20.039506912231445
VRP-Agent,1234,6.371109485626221
VRP-Random-Agent,1234,22.671072006225586
VRP-Agent,1234,6.339348793029785
VRP-Random-Agent,1234,23.0452938079834
VRP-Agent,1234,6.579748630523682
VRP-Random-Agent,1234,23.558246612548828
VRP-Agent,1234,6.830258369445801
VRP-Random-Agent,1234,21.2781982421875
VRP-Agent,1234,6.382532596588135
VRP-Random-Agent,1234,22.863740921020508
VRP-Agent,1234,6.427124500274658
VRP-Random-Agent,1234,19.032861709594727
VRP-Agent,1234,6.117308139801025
VRP-Random-Agent,1234,21.377059936523438
VRP-Agent,1234,5.06069278717041
VRP-Random-Agent,1234,24.382614135742188
VRP-Agent,1234,5.180014133453369
VRP-Random-Agent,1234,20.34352684020996
VRP-Agent,1234,5.954493522644043
VRP-Random-Agent,1234,23.177263259887695
VRP-Agent,1234,6.49360466003418
VRP-Random-Agent,1234,24.704111099243164
VRP-Agent,1234,6.393172740936279
VRP-Random-Agent,1234,22.113628387451172
VRP-Agent,1234,6.392013072967529
VRP-Random-Agent,1234,19.23736000061035
VRP-Agent,1234,6.502679824829102
VRP-Random-Agent,1234,25.245702743530273
VRP-Agent,1234,5.780032157897949
VRP-Random-Agent,1234,20.48851203918457
VRP-Agent,1234,6.681280612945557
VRP-Random-Agent,1234,22.591814041137695
VRP-Agent,1234,6.642445087432861
VRP-Random-Agent,1234,25.7578067779541
VRP-Agent,1234,6.44008731842041
VRP-Random-Agent,1234,24.175046920776367
VRP-Agent,1234,5.834456443786621
VRP-Random-Agent,1234,24.127946853637695
VRP-Agent,1234,5.16513204574585
VRP-Random-Agent,1234,22.636110305786133
VRP-Agent,1234,6.325510501861572
VRP-Random-Agent,1234,19.411983489990234
VRP-Agent,1234,6.1371169090271
VRP-Random-Agent,1234,19.24551773071289
VRP-Agent,1234,6.506252765655518
VRP-Random-Agent,1234,21.910425186157227
VRP-Agent,1234,5.4474616050720215
VRP-Random-Agent,1234,25.464962005615234
VRP-Agent,1234,6.401988983154297
VRP-Random-Agent,1234,21.331737518310547
VRP-Agent,1234,6.827224254608154
VRP-Random-Agent,1234,23.236183166503906
VRP-Agent,1234,6.088891983032227
VRP-Random-Agent,1234,24.62708854675293
VRP-Agent,1234,6.094532489776611
VRP-Random-Agent,1234,20.094385147094727
VRP-Agent,1234,5.6187872886657715
VRP-Random-Agent,1234,20.63536262512207
VRP-Agent,2468,6.108631610870361
VRP-Random-Agent,2468,23.361326217651367
VRP-Agent,2468,6.0444841384887695
VRP-Random-Agent,2468,23.987834930419922
VRP-Agent,2468,6.368175029754639
VRP-Random-Agent,2468,24.870874404907227
VRP-Agent,2468,6.449224472045898
VRP-Random-Agent,2468,20.953948974609375
VRP-Agent,2468,6.117548942565918
VRP-Random-Agent,2468,28.25145721435547
VRP-Agent,2468,6.005630016326904
VRP-Random-Agent,2468,21.320730209350586
VRP-Agent,2468,6.223962306976318
VRP-Random-Agent,2468,22.11623191833496
VRP-Agent,2468,6.332000255584717
VRP-Random-Agent,2468,23.403778076171875
VRP-Agent,2468,5.480779647827148
VRP-Random-Agent,2468,22.261438369750977
VRP-Agent,2468,6.038618564605713
VRP-Random-Agent,2468,23.072134017944336
VRP-Agent,2468,6.026173114776611
VRP-Random-Agent,2468,24.02100944519043
VRP-Agent,2468,6.339423656463623
VRP-Random-Agent,2468,25.6842098236084
VRP-Agent,2468,5.422756671905518
VRP-Random-Agent,2468,23.00983238220215
VRP-Agent,2468,6.140160083770752
VRP-Random-Agent,2468,21.789648056030273
VRP-Agent,2468,5.95987606048584
VRP-Random-Agent,2468,22.71284294128418
VRP-Agent,2468,6.24485969543457
VRP-Random-Agent,2468,22.553442001342773
VRP-Agent,2468,6.145585536956787
VRP-Random-Agent,2468,20.72306251525879
VRP-Agent,2468,6.165439605712891
VRP-Random-Agent,2468,21.65972900390625
VRP-Agent,2468,7.15495491027832
VRP-Random-Agent,2468,22.31507110595703
VRP-Agent,2468,5.405004978179932
VRP-Random-Agent,2468,21.555217742919922
VRP-Agent,2468,5.861684799194336
VRP-Random-Agent,2468,20.99184226989746
VRP-Agent,2468,5.529367923736572
VRP-Random-Agent,2468,17.97370147705078
VRP-Agent,2468,6.689574241638184
VRP-Random-Agent,2468,20.9774112701416
VRP-Agent,2468,6.42122220993042
VRP-Random-Agent,2468,22.385665893554688
VRP-Agent,2468,6.144725322723389
VRP-Random-Agent,2468,22.013675689697266
VRP-Agent,2468,5.913832664489746
VRP-Random-Agent,2468,21.445266723632812
VRP-Agent,2468,6.509676933288574
VRP-Random-Agent,2468,22.319595336914062
VRP-Agent,2468,6.426007270812988
VRP-Random-Agent,2468,24.759288787841797
VRP-Agent,2468,6.364408016204834
VRP-Random-Agent,2468,19.305566787719727
VRP-Agent,2468,5.933002948760986
VRP-Random-Agent,2468,19.791921615600586
VRP-Agent,2468,6.528000354766846
VRP-Random-Agent,2468,26.175216674804688
VRP-Agent,2468,6.450533390045166
VRP-Random-Agent,2468,20.9752197265625
VRP-Agent,2468,6.321505069732666
VRP-Random-Agent,2468,20.986448287963867
VRP-Agent,2468,5.5443572998046875
VRP-Random-Agent,2468,17.462833404541016
VRP-Agent,2468,6.048582077026367
VRP-Random-Agent,2468,21.423049926757812
VRP-Agent,2468,5.597681999206543
VRP-Random-Agent,2468,19.635957717895508
VRP-Agent,2468,6.448367118835449
VRP-Random-Agent,2468,22.743854522705078
VRP-Agent,2468,6.462315559387207
VRP-Random-Agent,2468,21.508831024169922
VRP-Agent,2468,5.859898567199707
VRP-Random-Agent,2468,25.530590057373047
VRP-Agent,2468,6.289392948150635
VRP-Random-Agent,2468,22.559803009033203
VRP-Agent,2468,5.9491119384765625
VRP-Random-Agent,2468,24.983299255371094
VRP-Agent,2468,6.346734523773193
VRP-Random-Agent,2468,22.183622360229492
VRP-Agent,2468,6.152097702026367
VRP-Random-Agent,2468,21.65172004699707
VRP-Agent,2468,6.915187835693359
VRP-Random-Agent,2468,24.863426208496094
VRP-Agent,2468,5.853365898132324
VRP-Random-Agent,2468,23.181682586669922
VRP-Agent,2468,6.1122355461120605
VRP-Random-Agent,2468,19.313919067382812
VRP-Agent,2468,5.496372699737549
VRP-Random-Agent,2468,29.441631317138672
VRP-Agent,2468,6.6048102378845215
VRP-Random-Agent,2468,21.737524032592773
VRP-Agent,2468,5.85762357711792
VRP-Random-Agent,2468,23.146387100219727
VRP-Agent,2468,5.865405082702637
VRP-Random-Agent,2468,21.656923294067383
VRP-Agent,2468,5.740330219268799
VRP-Random-Agent,2468,19.344221115112305
VRP-Agent,2468,6.031403064727783
VRP-Random-Agent,2468,20.86043930053711
VRP-Agent,2468,5.427122116088867
VRP-Random-Agent,2468,22.151018142700195
VRP-Agent,2468,6.579593181610107
VRP-Random-Agent,2468,21.533496856689453
VRP-Agent,2468,5.547763824462891
VRP-Random-Agent,2468,19.872236251831055
VRP-Agent,2468,6.608048439025879
VRP-Random-Agent,2468,23.208736419677734
VRP-Agent,2468,5.393320083618164
VRP-Random-Agent,2468,22.316469192504883
VRP-Agent,2468,6.70851993560791
VRP-Random-Agent,2468,20.868791580200195
VRP-Agent,2468,6.077703475952148
VRP-Random-Agent,2468,21.244150161743164
VRP-Agent,2468,6.939963340759277
VRP-Random-Agent,2468,18.3745174407959
VRP-Agent,2468,6.561363220214844
VRP-Random-Agent,2468,19.545047760009766
VRP-Agent,2468,6.062421798706055
VRP-Random-Agent,2468,23.03598976135254
VRP-Agent,2468,6.6557416915893555
VRP-Random-Agent,2468,18.361413955688477
VRP-Agent,2468,6.784219741821289
VRP-Random-Agent,2468,21.047414779663086
VRP-Agent,2468,6.30999755859375
VRP-Random-Agent,2468,16.436594009399414
VRP-Agent,2468,6.54121732711792
VRP-Random-Agent,2468,20.255054473876953
VRP-Agent,2468,7.057939529418945
VRP-Random-Agent,2468,23.381540298461914
VRP-Agent,2468,6.04879903793335
VRP-Random-Agent,2468,27.182109832763672
VRP-Agent,2468,5.934854984283447
VRP-Random-Agent,2468,21.08656883239746
VRP-Agent,2468,6.667810440063477
VRP-Random-Agent,2468,22.733501434326172
VRP-Agent,2468,5.8268585205078125
VRP-Random-Agent,2468,24.702354431152344
VRP-Agent,2468,6.346299648284912
VRP-Random-Agent,2468,18.112926483154297
VRP-Agent,2468,6.615069389343262
VRP-Random-Agent,2468,23.683813095092773
VRP-Agent,2468,5.924555778503418
VRP-Random-Agent,2468,24.885343551635742
VRP-Agent,2468,5.475179195404053
VRP-Random-Agent,2468,19.72427749633789
VRP-Agent,2468,6.29825496673584
VRP-Random-Agent,2468,25.466035842895508
VRP-Agent,2468,6.380551815032959
VRP-Random-Agent,2468,26.108163833618164
VRP-Agent,2468,5.892119884490967
VRP-Random-Agent,2468,24.36876106262207
VRP-Agent,2468,6.460237503051758
VRP-Random-Agent,2468,23.985422134399414
VRP-Agent,2468,6.69349479675293
VRP-Random-Agent,2468,21.091083526611328
VRP-Agent,2468,6.788740158081055
VRP-Random-Agent,2468,23.474971771240234
VRP-Agent,2468,5.746241569519043
VRP-Random-Agent,2468,21.31520652770996
VRP-Agent,2468,6.2907843589782715
VRP-Random-Agent,2468,23.099340438842773
VRP-Agent,2468,6.231548309326172
VRP-Random-Agent,2468,20.4954776763916
VRP-Agent,2468,6.5360426902771
VRP-Random-Agent,2468,24.077577590942383
VRP-Agent,2468,6.4676432609558105
VRP-Random-Agent,2468,23.593467712402344
VRP-Agent,2468,6.729240417480469
VRP-Random-Agent,2468,19.558692932128906
VRP-Agent,2468,6.608890533447266
VRP-Random-Agent,2468,25.547536849975586
VRP-Agent,2468,5.844990253448486
VRP-Random-Agent,2468,21.370559692382812
VRP-Agent,2468,5.912868976593018
VRP-Random-Agent,2468,23.221176147460938
VRP-Agent,2468,5.704593658447266
VRP-Random-Agent,2468,22.934040069580078
VRP-Agent,2468,6.673939228057861
VRP-Random-Agent,2468,22.30931854248047
VRP-Agent,2468,6.511374473571777
VRP-Random-Agent,2468,23.67680549621582
VRP-Agent,2468,6.502030372619629
VRP-Random-Agent,2468,20.11294174194336
VRP-Agent,2468,5.90971565246582
VRP-Random-Agent,2468,25.046009063720703
VRP-Agent,2468,7.1451592445373535
VRP-Random-Agent,2468,24.525487899780273
VRP-Agent,2468,6.02672004699707
VRP-Random-Agent,2468,20.57196044921875
VRP-Agent,2468,6.3232927322387695
VRP-Random-Agent,2468,22.977134704589844
VRP-Agent,2468,6.35370397567749
VRP-Random-Agent,2468,20.46977424621582
VRP-Agent,2468,6.145822525024414
VRP-Random-Agent,2468,19.887222290039062
VRP-Agent,2468,6.18634557723999
VRP-Random-Agent,2468,19.448162078857422
VRP-Agent,2468,6.148107051849365
VRP-Random-Agent,2468,22.232933044433594
VRP-Agent,2468,6.1958394050598145
VRP-Random-Agent,2468,21.306400299072266
VRP-Agent,2468,6.671097755432129
VRP-Random-Agent,2468,21.610265731811523
VRP-Agent,2468,6.13074254989624
VRP-Random-Agent,2468,20.353805541992188
VRP-Agent,2468,7.44783353805542
VRP-Random-Agent,2468,20.406673431396484
VRP-Agent,2468,6.364706039428711
VRP-Random-Agent,2468,20.692262649536133
VRP-Agent,2468,6.174139022827148
VRP-Random-Agent,2468,22.856103897094727
VRP-Agent,2468,6.635153293609619
VRP-Random-Agent,2468,21.938247680664062
VRP-Agent,2468,7.532131195068359
VRP-Random-Agent,2468,22.533519744873047
VRP-Agent,2468,7.082411289215088
VRP-Random-Agent,2468,17.06464958190918
VRP-Agent,2468,5.342117786407471
VRP-Random-Agent,2468,22.688051223754883
VRP-Agent,2468,6.197155952453613
VRP-Random-Agent,2468,18.42263412475586
VRP-Agent,2468,6.394880294799805
VRP-Random-Agent,2468,25.076074600219727
VRP-Agent,2468,6.0368170738220215
VRP-Random-Agent,2468,22.52460479736328
VRP-Agent,2468,6.29094123840332
VRP-Random-Agent,2468,21.768815994262695
VRP-Agent,2468,7.150925159454346
VRP-Random-Agent,2468,23.414379119873047
VRP-Agent,2468,6.138062477111816
VRP-Random-Agent,2468,23.913381576538086
VRP-Agent,2468,6.1438798904418945
VRP-Random-Agent,2468,21.22614288330078
VRP-Agent,2468,6.845855712890625
VRP-Random-Agent,2468,22.36440086364746
VRP-Agent,2468,6.767375946044922
VRP-Random-Agent,2468,22.54765510559082
VRP-Agent,2468,6.265570640563965
VRP-Random-Agent,2468,25.75909996032715
VRP-Agent,2468,6.128350734710693
VRP-Random-Agent,2468,24.244537353515625
VRP-Agent,2468,6.118371486663818
VRP-Random-Agent,2468,21.023094177246094
VRP-Agent,2468,6.833470344543457
VRP-Random-Agent,2468,21.757936477661133
VRP-Agent,2468,6.934731483459473
VRP-Random-Agent,2468,24.288272857666016
VRP-Agent,2468,7.323457717895508
VRP-Random-Agent,2468,21.9196720123291
VRP-Agent,2468,6.645145416259766
VRP-Random-Agent,2468,22.204145431518555
VRP-Agent,2468,6.613559246063232
VRP-Random-Agent,2468,17.345909118652344
VRP-Agent,2468,6.645357131958008
VRP-Random-Agent,2468,21.07590103149414
VRP-Agent,2468,6.591639041900635
VRP-Random-Agent,2468,22.681467056274414
VRP-Agent,2468,6.795095443725586
VRP-Random-Agent,2468,24.02937889099121
VRP-Agent,2468,5.947286128997803
VRP-Random-Agent,2468,24.234725952148438
VRP-Agent,2468,6.335717678070068
VRP-Random-Agent,2468,22.624794006347656
VRP-Agent,2468,5.8509135246276855
VRP-Random-Agent,2468,26.471994400024414
VRP-Agent,2468,6.592013359069824
VRP-Random-Agent,2468,22.687747955322266
VRP-Agent,2468,5.5659403800964355
VRP-Random-Agent,2468,20.666048049926758
VRP-Agent,2468,7.0267863273620605
VRP-Random-Agent,2468,20.319337844848633
VRP-Agent,2468,6.237812042236328
VRP-Random-Agent,2468,22.665904998779297
VRP-Agent,2468,6.285784721374512
VRP-Random-Agent,2468,21.080341339111328
VRP-Agent,2468,7.309805870056152
VRP-Random-Agent,2468,20.568389892578125
VRP-Agent,2468,6.64745569229126
VRP-Random-Agent,2468,25.664871215820312
VRP-Agent,2468,5.609261989593506
VRP-Random-Agent,2468,21.978923797607422
VRP-Agent,2468,6.2096848487854
VRP-Random-Agent,2468,23.005685806274414
VRP-Agent,2468,5.593961715698242
VRP-Random-Agent,2468,19.13184356689453
VRP-Agent,2468,6.913743495941162
VRP-Random-Agent,2468,20.631406784057617
VRP-Agent,2468,6.181993007659912
VRP-Random-Agent,2468,21.64022445678711
VRP-Agent,2468,6.399519920349121
VRP-Random-Agent,2468,19.998991012573242
VRP-Agent,2468,6.891268253326416
VRP-Random-Agent,2468,22.85956573486328
VRP-Agent,2468,5.436799049377441
VRP-Random-Agent,2468,21.55718421936035
VRP-Agent,2468,5.790131568908691
VRP-Random-Agent,2468,22.664339065551758
VRP-Agent,2468,6.602017402648926
VRP-Random-Agent,2468,24.415327072143555
VRP-Agent,2468,6.369071960449219
VRP-Random-Agent,2468,24.719606399536133
VRP-Agent,2468,6.798571586608887
VRP-Random-Agent,2468,21.373641967773438
VRP-Agent,2468,6.883049964904785
VRP-Random-Agent,2468,22.57438850402832
VRP-Agent,2468,6.81510066986084
VRP-Random-Agent,2468,22.034961700439453
VRP-Agent,2468,5.412495136260986
VRP-Random-Agent,2468,23.97344398498535
VRP-Agent,2468,6.210825443267822
VRP-Random-Agent,2468,21.40365982055664
VRP-Agent,2468,5.310697555541992
VRP-Random-Agent,2468,24.25122833251953
VRP-Agent,2468,6.027004241943359
VRP-Random-Agent,2468,22.48673439025879
VRP-Agent,2468,6.550997257232666
VRP-Random-Agent,2468,23.3814640045166
VRP-Agent,2468,6.484004497528076
VRP-Random-Agent,2468,19.23785400390625
VRP-Agent,2468,6.147679805755615
VRP-Random-Agent,2468,27.58254051208496
VRP-Agent,2468,7.0332183837890625
VRP-Random-Agent,2468,25.208202362060547
VRP-Agent,2468,6.9372968673706055
VRP-Random-Agent,2468,24.99847984313965
VRP-Agent,2468,6.446438312530518
VRP-Random-Agent,2468,24.160140991210938
VRP-Agent,2468,5.723593711853027
VRP-Random-Agent,2468,20.326072692871094
VRP-Agent,2468,6.977689743041992
VRP-Random-Agent,2468,18.98577308654785
VRP-Agent,2468,5.876389026641846
VRP-Random-Agent,2468,22.86384391784668
VRP-Agent,2468,5.854349136352539
VRP-Random-Agent,2468,23.018310546875
VRP-Agent,2468,5.466537952423096
VRP-Random-Agent,2468,26.555070877075195
VRP-Agent,2468,6.27509880065918
VRP-Random-Agent,2468,24.100128173828125
VRP-Agent,2468,6.665327548980713
VRP-Random-Agent,2468,20.70478630065918
VRP-Agent,2468,5.927286624908447
VRP-Random-Agent,2468,23.19269561767578
VRP-Agent,2468,6.159631252288818
VRP-Random-Agent,2468,19.692245483398438
VRP-Agent,2468,5.627016544342041
VRP-Random-Agent,2468,22.99319076538086
VRP-Agent,2468,5.684777736663818
VRP-Random-Agent,2468,21.525392532348633
VRP-Agent,2468,6.241664886474609
VRP-Random-Agent,2468,17.382219314575195
VRP-Agent,2468,6.01146936416626
VRP-Random-Agent,2468,22.510251998901367
VRP-Agent,2468,6.17979621887207
VRP-Random-Agent,2468,22.7493953704834
VRP-Agent,2468,5.836638450622559
VRP-Random-Agent,2468,21.109148025512695
VRP-Agent,2468,5.5543293952941895
VRP-Random-Agent,2468,21.1077938079834
VRP-Agent,2468,6.741556167602539
VRP-Random-Agent,2468,20.730709075927734
VRP-Agent,2468,7.021942138671875
VRP-Random-Agent,2468,29.799928665161133
VRP-Agent,2468,6.178813934326172
VRP-Random-Agent,2468,22.96997833251953
VRP-Agent,2468,6.295507431030273
VRP-Random-Agent,2468,22.276010513305664
VRP-Agent,2468,7.070474147796631
VRP-Random-Agent,2468,22.495479583740234
VRP-Agent,2468,6.324633598327637
VRP-Random-Agent,2468,20.745542526245117
VRP-Agent,2468,6.261507034301758
VRP-Random-Agent,2468,23.50146484375
VRP-Agent,2468,6.545360088348389
VRP-Random-Agent,2468,24.856943130493164
VRP-Agent,2468,6.764041423797607
VRP-Random-Agent,2468,23.646785736083984
VRP-Agent,2468,5.434569835662842
VRP-Random-Agent,2468,23.05573272705078
VRP-Agent,2468,6.092067241668701
VRP-Random-Agent,2468,20.434856414794922
VRP-Agent,2468,5.865982532501221
VRP-Random-Agent,2468,19.346084594726562
VRP-Agent,2468,5.732184886932373
VRP-Random-Agent,2468,23.4005069732666
VRP-Agent,2468,5.968239784240723
VRP-Random-Agent,2468,22.20075035095215
VRP-Agent,2468,5.444039344787598
VRP-Random-Agent,2468,24.943012237548828
VRP-Agent,2468,7.442024230957031
VRP-Random-Agent,2468,23.863317489624023
VRP-Agent,2468,5.653938293457031
VRP-Random-Agent,2468,21.835018157958984
VRP-Agent,2468,6.6669230461120605
VRP-Random-Agent,2468,21.76213264465332
VRP-Agent,2468,6.265169143676758
VRP-Random-Agent,2468,24.195499420166016
VRP-Agent,2468,7.1060943603515625
VRP-Random-Agent,2468,21.845487594604492
VRP-Agent,2468,6.224992752075195
VRP-Random-Agent,2468,26.033161163330078
VRP-Agent,2468,6.5877556800842285
VRP-Random-Agent,2468,23.231470108032227
VRP-Agent,2468,6.987732410430908
VRP-Random-Agent,2468,23.736995697021484
VRP-Agent,2468,5.572306156158447
VRP-Random-Agent,2468,27.9580020904541
VRP-Agent,2468,6.611344814300537
VRP-Random-Agent,2468,25.837697982788086
VRP-Agent,2468,6.04421329498291
VRP-Random-Agent,2468,21.38115882873535
VRP-Agent,2468,5.796554088592529
VRP-Random-Agent,2468,20.138595581054688
VRP-Agent,2468,6.226828575134277
VRP-Random-Agent,2468,21.429737091064453
VRP-Agent,2468,6.120871067047119
VRP-Random-Agent,2468,22.46712303161621
VRP-Agent,2468,6.19891357421875
VRP-Random-Agent,2468,24.046049118041992
VRP-Agent,2468,6.531917572021484
VRP-Random-Agent,2468,20.55647087097168
VRP-Agent,2468,7.0941619873046875
VRP-Random-Agent,2468,22.42450714111328
VRP-Agent,2468,5.986870765686035
VRP-Random-Agent,2468,24.934986114501953
VRP-Agent,2468,6.954460144042969
VRP-Random-Agent,2468,23.778257369995117
VRP-Agent,2468,6.796334743499756
VRP-Random-Agent,2468,22.7996826171875
VRP-Agent,2468,5.246341705322266
VRP-Random-Agent,2468,21.47300910949707
VRP-Agent,2468,7.7788920402526855
VRP-Random-Agent,2468,21.93759536743164
VRP-Agent,2468,5.8416290283203125
VRP-Random-Agent,2468,24.676376342773438
VRP-Agent,2468,5.417694568634033
VRP-Random-Agent,2468,20.021100997924805
VRP-Agent,2468,6.173666477203369
VRP-Random-Agent,2468,24.135528564453125
VRP-Agent,2468,6.315074443817139
VRP-Random-Agent,2468,20.658388137817383
VRP-Agent,2468,5.999075412750244
VRP-Random-Agent,2468,22.709232330322266
VRP-Agent,2468,6.14800500869751
VRP-Random-Agent,2468,19.89924430847168
VRP-Agent,2468,6.470552444458008
VRP-Random-Agent,2468,23.62092399597168
VRP-Agent,2468,6.872275352478027
VRP-Random-Agent,2468,24.537691116333008
VRP-Agent,2468,6.60877799987793
VRP-Random-Agent,2468,23.56538963317871
VRP-Agent,2468,5.513907432556152
VRP-Random-Agent,2468,20.33916473388672
VRP-Agent,2468,7.017505645751953
VRP-Random-Agent,2468,24.43091583251953
VRP-Agent,2468,7.263410568237305
VRP-Random-Agent,2468,23.202316284179688
VRP-Agent,2468,7.045007228851318
VRP-Random-Agent,2468,23.3070125579834
VRP-Agent,2468,6.598855018615723
VRP-Random-Agent,2468,25.932708740234375
VRP-Agent,2468,6.504924774169922
VRP-Random-Agent,2468,20.770854949951172
VRP-Agent,2468,6.404318809509277
VRP-Random-Agent,2468,23.902368545532227
VRP-Agent,2468,6.511842250823975
VRP-Random-Agent,2468,21.252195358276367
VRP-Agent,2468,6.287557125091553
VRP-Random-Agent,2468,22.47226333618164
VRP-Agent,2468,7.509355068206787
VRP-Random-Agent,2468,21.583423614501953
VRP-Agent,2468,5.375629901885986
VRP-Random-Agent,2468,21.05074119567871
VRP-Agent,2468,6.266756057739258
VRP-Random-Agent,2468,24.230791091918945
VRP-Agent,2468,6.562081813812256
VRP-Random-Agent,2468,22.23918342590332
VRP-Agent,2468,6.071502685546875
VRP-Random-Agent,2468,19.387033462524414
VRP-Agent,2468,5.942138195037842
VRP-Random-Agent,2468,22.505796432495117
VRP-Agent,2468,5.946725845336914
VRP-Random-Agent,2468,24.058635711669922
VRP-Agent,2468,5.902834415435791
VRP-Random-Agent,2468,22.074382781982422
VRP-Agent,2468,6.574863433837891
VRP-Random-Agent,2468,24.800413131713867
VRP-Agent,2468,5.734737396240234
VRP-Random-Agent,2468,20.738332748413086
VRP-Agent,2468,6.18955659866333
VRP-Random-Agent,2468,23.695331573486328
VRP-Agent,2468,6.636003494262695
VRP-Random-Agent,2468,21.792505264282227
VRP-Agent,2468,6.450534343719482
VRP-Random-Agent,2468,24.60378074645996
VRP-Agent,2468,7.060988903045654
VRP-Random-Agent,2468,25.497089385986328
VRP-Agent,2468,6.78543758392334
VRP-Random-Agent,2468,22.871334075927734
VRP-Agent,2468,5.894018650054932
VRP-Random-Agent,2468,23.99620246887207
VRP-Agent,2468,7.463441371917725
VRP-Random-Agent,2468,25.649641036987305
VRP-Agent,2468,6.625895977020264
VRP-Random-Agent,2468,20.476621627807617
VRP-Agent,2468,5.80531644821167
VRP-Random-Agent,2468,26.36692237854004
VRP-Agent,2048,5.5923662185668945
VRP-Random-Agent,2048,20.338111877441406
VRP-Agent,2048,5.740082740783691
VRP-Random-Agent,2048,19.429702758789062
VRP-Agent,2048,6.038061618804932
VRP-Random-Agent,2048,21.89891815185547
VRP-Agent,2048,5.916472911834717
VRP-Random-Agent,2048,23.117969512939453
VRP-Agent,2048,6.658207893371582
VRP-Random-Agent,2048,26.211292266845703
VRP-Agent,2048,6.300169944763184
VRP-Random-Agent,2048,23.340145111083984
VRP-Agent,2048,6.011388778686523
VRP-Random-Agent,2048,26.608055114746094
VRP-Agent,2048,6.87880802154541
VRP-Random-Agent,2048,22.158235549926758
VRP-Agent,2048,6.048529624938965
VRP-Random-Agent,2048,24.482351303100586
VRP-Agent,2048,5.883382320404053
VRP-Random-Agent,2048,24.917078018188477
VRP-Agent,2048,5.867374897003174
VRP-Random-Agent,2048,28.74118995666504
VRP-Agent,2048,6.491311073303223
VRP-Random-Agent,2048,24.154441833496094
VRP-Agent,2048,5.716063976287842
VRP-Random-Agent,2048,24.18049430847168
VRP-Agent,2048,6.335268974304199
VRP-Random-Agent,2048,21.43541717529297
VRP-Agent,2048,6.542623043060303
VRP-Random-Agent,2048,23.44554328918457
VRP-Agent,2048,6.08775520324707
VRP-Random-Agent,2048,21.48902130126953
VRP-Agent,2048,5.986064910888672
VRP-Random-Agent,2048,24.200927734375
VRP-Agent,2048,6.601528167724609
VRP-Random-Agent,2048,21.46255111694336
VRP-Agent,2048,5.583771705627441
VRP-Random-Agent,2048,23.468225479125977
VRP-Agent,2048,5.849549770355225
VRP-Random-Agent,2048,23.032926559448242
VRP-Agent,2048,7.138689994812012
VRP-Random-Agent,2048,26.36038589477539
VRP-Agent,2048,5.342626571655273
VRP-Random-Agent,2048,21.2564754486084
VRP-Agent,2048,6.342941761016846
VRP-Random-Agent,2048,24.91634178161621
VRP-Agent,2048,5.697714805603027
VRP-Random-Agent,2048,20.593725204467773
VRP-Agent,2048,6.770016193389893
VRP-Random-Agent,2048,20.568628311157227
VRP-Agent,2048,6.418976783752441
VRP-Random-Agent,2048,27.17882537841797
VRP-Agent,2048,5.6445441246032715
VRP-Random-Agent,2048,25.36898422241211
VRP-Agent,2048,6.596368789672852
VRP-Random-Agent,2048,22.084945678710938
VRP-Agent,2048,5.662664413452148
VRP-Random-Agent,2048,19.234294891357422
VRP-Agent,2048,7.244007587432861
VRP-Random-Agent,2048,22.134716033935547
VRP-Agent,2048,6.519247055053711
VRP-Random-Agent,2048,24.323694229125977
VRP-Agent,2048,6.28244686126709
VRP-Random-Agent,2048,22.303672790527344
VRP-Agent,2048,6.110846996307373
VRP-Random-Agent,2048,24.99176025390625
VRP-Agent,2048,6.823405742645264
VRP-Random-Agent,2048,23.012414932250977
VRP-Agent,2048,5.8489813804626465
VRP-Random-Agent,2048,21.589427947998047
VRP-Agent,2048,6.084423065185547
VRP-Random-Agent,2048,20.73394775390625
VRP-Agent,2048,7.414325714111328
VRP-Random-Agent,2048,22.584430694580078
VRP-Agent,2048,6.590794563293457
VRP-Random-Agent,2048,21.180200576782227
VRP-Agent,2048,6.878562927246094
VRP-Random-Agent,2048,25.414501190185547
VRP-Agent,2048,5.97206449508667
VRP-Random-Agent,2048,21.342802047729492
VRP-Agent,2048,6.766359329223633
VRP-Random-Agent,2048,22.51051902770996
VRP-Agent,2048,6.546167373657227
VRP-Random-Agent,2048,27.29961585998535
VRP-Agent,2048,6.60623025894165
VRP-Random-Agent,2048,21.66849136352539
VRP-Agent,2048,6.658657550811768
VRP-Random-Agent,2048,23.706764221191406
VRP-Agent,2048,5.535572528839111
VRP-Random-Agent,2048,23.597686767578125
VRP-Agent,2048,6.182526588439941
VRP-Random-Agent,2048,21.977344512939453
VRP-Agent,2048,6.60037088394165
VRP-Random-Agent,2048,23.531253814697266
VRP-Agent,2048,6.248630046844482
VRP-Random-Agent,2048,18.937633514404297
VRP-Agent,2048,5.900514602661133
VRP-Random-Agent,2048,25.227123260498047
VRP-Agent,2048,6.454792499542236
VRP-Random-Agent,2048,20.725502014160156
VRP-Agent,2048,6.762212753295898
VRP-Random-Agent,2048,21.499488830566406
VRP-Agent,2048,6.342133522033691
VRP-Random-Agent,2048,22.768009185791016
VRP-Agent,2048,6.102406024932861
VRP-Random-Agent,2048,21.38720703125
VRP-Agent,2048,6.4504828453063965
VRP-Random-Agent,2048,20.616989135742188
VRP-Agent,2048,5.122615337371826
VRP-Random-Agent,2048,22.079288482666016
VRP-Agent,2048,5.571218013763428
VRP-Random-Agent,2048,20.065963745117188
VRP-Agent,2048,7.108399391174316
VRP-Random-Agent,2048,23.659168243408203
VRP-Agent,2048,6.077261924743652
VRP-Random-Agent,2048,23.72317123413086
VRP-Agent,2048,6.036276340484619
VRP-Random-Agent,2048,25.677431106567383
VRP-Agent,2048,6.420079708099365
VRP-Random-Agent,2048,21.13134765625
VRP-Agent,2048,6.31555700302124
VRP-Random-Agent,2048,23.06322479248047
VRP-Agent,2048,6.2655720710754395
VRP-Random-Agent,2048,21.138952255249023
VRP-Agent,2048,6.602843284606934
VRP-Random-Agent,2048,21.8968505859375
VRP-Agent,2048,6.543260097503662
VRP-Random-Agent,2048,25.095264434814453
VRP-Agent,2048,7.14262580871582
VRP-Random-Agent,2048,23.823774337768555
VRP-Agent,2048,6.138721942901611
VRP-Random-Agent,2048,24.137680053710938
VRP-Agent,2048,6.326320171356201
VRP-Random-Agent,2048,21.69508171081543
VRP-Agent,2048,6.8146281242370605
VRP-Random-Agent,2048,21.082477569580078
VRP-Agent,2048,5.872990131378174
VRP-Random-Agent,2048,21.089536666870117
VRP-Agent,2048,6.342439651489258
VRP-Random-Agent,2048,21.943376541137695
VRP-Agent,2048,6.088850975036621
VRP-Random-Agent,2048,23.13916778564453
VRP-Agent,2048,6.096140384674072
VRP-Random-Agent,2048,24.238161087036133
VRP-Agent,2048,5.805039405822754
VRP-Random-Agent,2048,22.42729949951172
VRP-Agent,2048,6.18511962890625
VRP-Random-Agent,2048,19.639385223388672
VRP-Agent,2048,6.716492176055908
VRP-Random-Agent,2048,21.87329864501953
VRP-Agent,2048,5.693629264831543
VRP-Random-Agent,2048,27.9526309967041
VRP-Agent,2048,6.374253749847412
VRP-Random-Agent,2048,21.85924530029297
VRP-Agent,2048,6.684047698974609
VRP-Random-Agent,2048,26.895048141479492
VRP-Agent,2048,6.222914218902588
VRP-Random-Agent,2048,23.20473289489746
VRP-Agent,2048,6.512260437011719
VRP-Random-Agent,2048,22.10856056213379
VRP-Agent,2048,6.453758239746094
VRP-Random-Agent,2048,23.986373901367188
VRP-Agent,2048,6.89631462097168
VRP-Random-Agent,2048,28.04402732849121
VRP-Agent,2048,6.665073394775391
VRP-Random-Agent,2048,22.149917602539062
VRP-Agent,2048,6.814844608306885
VRP-Random-Agent,2048,20.3414249420166
VRP-Agent,2048,6.75941276550293
VRP-Random-Agent,2048,21.984773635864258
VRP-Agent,2048,6.562478542327881
VRP-Random-Agent,2048,21.038272857666016
VRP-Agent,2048,7.142469882965088
VRP-Random-Agent,2048,21.077613830566406
VRP-Agent,2048,6.476412773132324
VRP-Random-Agent,2048,21.83926010131836
VRP-Agent,2048,6.584157943725586
VRP-Random-Agent,2048,21.73697853088379
VRP-Agent,2048,6.515192031860352
VRP-Random-Agent,2048,23.408479690551758
VRP-Agent,2048,6.89231014251709
VRP-Random-Agent,2048,22.189903259277344
VRP-Agent,2048,5.742600440979004
VRP-Random-Agent,2048,22.757856369018555
VRP-Agent,2048,6.208124160766602
VRP-Random-Agent,2048,22.40313148498535
VRP-Agent,2048,6.8453593254089355
VRP-Random-Agent,2048,24.456497192382812
VRP-Agent,2048,5.927339553833008
VRP-Random-Agent,2048,23.398202896118164
VRP-Agent,2048,6.184353351593018
VRP-Random-Agent,2048,21.730459213256836
VRP-Agent,2048,7.169951438903809
VRP-Random-Agent,2048,23.568435668945312
VRP-Agent,2048,6.690544605255127
VRP-Random-Agent,2048,26.74225616455078
VRP-Agent,2048,6.193817615509033
VRP-Random-Agent,2048,22.291259765625
VRP-Agent,2048,6.881518363952637
VRP-Random-Agent,2048,20.69183921813965
VRP-Agent,2048,5.9325761795043945
VRP-Random-Agent,2048,19.504901885986328
VRP-Agent,2048,5.888164043426514
VRP-Random-Agent,2048,22.207103729248047
VRP-Agent,2048,6.431933403015137
VRP-Random-Agent,2048,25.413381576538086
VRP-Agent,2048,6.064288139343262
VRP-Random-Agent,2048,22.821231842041016
VRP-Agent,2048,6.007866859436035
VRP-Random-Agent,2048,19.415695190429688
VRP-Agent,2048,5.187597751617432
VRP-Random-Agent,2048,21.252567291259766
VRP-Agent,2048,6.265978813171387
VRP-Random-Agent,2048,22.538389205932617
VRP-Agent,2048,6.134079933166504
VRP-Random-Agent,2048,23.28055191040039
VRP-Agent,2048,6.286547660827637
VRP-Random-Agent,2048,22.22647476196289
VRP-Agent,2048,6.463398456573486
VRP-Random-Agent,2048,19.07790756225586
VRP-Agent,2048,6.120189666748047
VRP-Random-Agent,2048,26.146574020385742
VRP-Agent,2048,7.016263484954834
VRP-Random-Agent,2048,22.232831954956055
VRP-Agent,2048,6.121021270751953
VRP-Random-Agent,2048,19.9664306640625
VRP-Agent,2048,5.903619766235352
VRP-Random-Agent,2048,20.365764617919922
VRP-Agent,2048,6.70514440536499
VRP-Random-Agent,2048,23.847015380859375
VRP-Agent,2048,6.404781341552734
VRP-Random-Agent,2048,23.564510345458984
VRP-Agent,2048,6.3482818603515625
VRP-Random-Agent,2048,21.760175704956055
VRP-Agent,2048,6.048635482788086
VRP-Random-Agent,2048,23.015695571899414
VRP-Agent,2048,6.3258137702941895
VRP-Random-Agent,2048,20.8389949798584
VRP-Agent,2048,5.721256256103516
VRP-Random-Agent,2048,21.95857048034668
VRP-Agent,2048,6.599782466888428
VRP-Random-Agent,2048,21.343690872192383
VRP-Agent,2048,6.742344856262207
VRP-Random-Agent,2048,26.879348754882812
VRP-Agent,2048,5.594062328338623
VRP-Random-Agent,2048,23.9827823638916
VRP-Agent,2048,6.2688212394714355
VRP-Random-Agent,2048,28.145889282226562
VRP-Agent,2048,7.051239967346191
VRP-Random-Agent,2048,24.06471061706543
VRP-Agent,2048,6.231778621673584
VRP-Random-Agent,2048,22.187162399291992
VRP-Agent,2048,6.799156665802002
VRP-Random-Agent,2048,20.54464340209961
VRP-Agent,2048,6.326176643371582
VRP-Random-Agent,2048,20.4470157623291
VRP-Agent,2048,6.856222152709961
VRP-Random-Agent,2048,22.16084098815918
VRP-Agent,2048,6.819154262542725
VRP-Random-Agent,2048,23.16907501220703
VRP-Agent,2048,6.439660549163818
VRP-Random-Agent,2048,22.478906631469727
VRP-Agent,2048,5.476602077484131
VRP-Random-Agent,2048,25.077308654785156
VRP-Agent,2048,6.232116222381592
VRP-Random-Agent,2048,20.714223861694336
VRP-Agent,2048,5.938440799713135
VRP-Random-Agent,2048,20.843862533569336
VRP-Agent,2048,6.402709007263184
VRP-Random-Agent,2048,22.91644287109375
VRP-Agent,2048,6.3617844581604
VRP-Random-Agent,2048,21.605854034423828
VRP-Agent,2048,5.968835830688477
VRP-Random-Agent,2048,20.13934326171875
VRP-Agent,2048,6.614654541015625
VRP-Random-Agent,2048,25.459842681884766
VRP-Agent,2048,5.908542633056641
VRP-Random-Agent,2048,21.38899040222168
VRP-Agent,2048,6.381643295288086
VRP-Random-Agent,2048,27.883525848388672
VRP-Agent,2048,6.750824928283691
VRP-Random-Agent,2048,23.984886169433594
VRP-Agent,2048,5.609407424926758
VRP-Random-Agent,2048,21.746387481689453
VRP-Agent,2048,6.150936126708984
VRP-Random-Agent,2048,24.932153701782227
VRP-Agent,2048,6.095489501953125
VRP-Random-Agent,2048,21.81930923461914
VRP-Agent,2048,6.4142303466796875
VRP-Random-Agent,2048,21.178543090820312
VRP-Agent,2048,6.888422012329102
VRP-Random-Agent,2048,20.118694305419922
VRP-Agent,2048,5.355540752410889
VRP-Random-Agent,2048,20.01709747314453
VRP-Agent,2048,6.10731840133667
VRP-Random-Agent,2048,23.9017276763916
VRP-Agent,2048,7.025089740753174
VRP-Random-Agent,2048,20.96536636352539
VRP-Agent,2048,6.346395492553711
VRP-Random-Agent,2048,20.11241912841797
VRP-Agent,2048,6.351069450378418
VRP-Random-Agent,2048,21.677295684814453
VRP-Agent,2048,6.034975051879883
VRP-Random-Agent,2048,23.199357986450195
VRP-Agent,2048,6.460014820098877
VRP-Random-Agent,2048,20.378141403198242
VRP-Agent,2048,6.796109199523926
VRP-Random-Agent,2048,21.44212532043457
VRP-Agent,2048,5.278248310089111
VRP-Random-Agent,2048,22.216140747070312
VRP-Agent,2048,5.373546600341797
VRP-Random-Agent,2048,22.555553436279297
VRP-Agent,2048,6.364430904388428
VRP-Random-Agent,2048,22.76479148864746
VRP-Agent,2048,6.460372447967529
VRP-Random-Agent,2048,27.729997634887695
VRP-Agent,2048,6.563051223754883
VRP-Random-Agent,2048,19.401941299438477
VRP-Agent,2048,5.488222122192383
VRP-Random-Agent,2048,23.079177856445312
VRP-Agent,2048,6.294069290161133
VRP-Random-Agent,2048,19.137290954589844
VRP-Agent,2048,6.177420616149902
VRP-Random-Agent,2048,20.17032241821289
VRP-Agent,2048,6.3099164962768555
VRP-Random-Agent,2048,22.980361938476562
VRP-Agent,2048,6.534980297088623
VRP-Random-Agent,2048,20.4603214263916
VRP-Agent,2048,6.679783821105957
VRP-Random-Agent,2048,22.641220092773438
VRP-Agent,2048,5.724972248077393
VRP-Random-Agent,2048,22.31485366821289
VRP-Agent,2048,5.979000091552734
VRP-Random-Agent,2048,23.694091796875
VRP-Agent,2048,6.225066184997559
VRP-Random-Agent,2048,28.065345764160156
VRP-Agent,2048,6.5252299308776855
VRP-Random-Agent,2048,25.913705825805664
VRP-Agent,2048,5.544669151306152
VRP-Random-Agent,2048,23.817359924316406
VRP-Agent,2048,6.358930587768555
VRP-Random-Agent,2048,22.178007125854492
VRP-Agent,2048,6.599908828735352
VRP-Random-Agent,2048,24.485776901245117
VRP-Agent,2048,6.274101257324219
VRP-Random-Agent,2048,22.07050895690918
VRP-Agent,2048,5.9799394607543945
VRP-Random-Agent,2048,21.43288230895996
VRP-Agent,2048,5.694918155670166
VRP-Random-Agent,2048,22.816904067993164
VRP-Agent,2048,5.569489002227783
VRP-Random-Agent,2048,22.310787200927734
VRP-Agent,2048,7.117822170257568
VRP-Random-Agent,2048,24.21329116821289
VRP-Agent,2048,6.462890148162842
VRP-Random-Agent,2048,20.910280227661133
VRP-Agent,2048,6.147390365600586
VRP-Random-Agent,2048,21.886720657348633
VRP-Agent,2048,6.051011085510254
VRP-Random-Agent,2048,26.963041305541992
VRP-Agent,2048,6.3867268562316895
VRP-Random-Agent,2048,18.116281509399414
VRP-Agent,2048,6.623904228210449
VRP-Random-Agent,2048,22.541425704956055
VRP-Agent,2048,7.203268527984619
VRP-Random-Agent,2048,21.96697998046875
VRP-Agent,2048,6.277165412902832
VRP-Random-Agent,2048,23.383872985839844
VRP-Agent,2048,6.942994594573975
VRP-Random-Agent,2048,23.86287498474121
VRP-Agent,2048,6.262535095214844
VRP-Random-Agent,2048,23.902938842773438
VRP-Agent,2048,5.916227340698242
VRP-Random-Agent,2048,22.430429458618164
VRP-Agent,2048,5.653965473175049
VRP-Random-Agent,2048,18.648056030273438
VRP-Agent,2048,5.692141056060791
VRP-Random-Agent,2048,23.29202651977539
VRP-Agent,2048,6.237181186676025
VRP-Random-Agent,2048,24.233095169067383
VRP-Agent,2048,6.985806465148926
VRP-Random-Agent,2048,23.036392211914062
VRP-Agent,2048,6.5735321044921875
VRP-Random-Agent,2048,22.105365753173828
VRP-Agent,2048,6.023268699645996
VRP-Random-Agent,2048,21.39468002319336
VRP-Agent,2048,7.527168273925781
VRP-Random-Agent,2048,23.845792770385742
VRP-Agent,2048,6.7326979637146
VRP-Random-Agent,2048,24.42806053161621
VRP-Agent,2048,6.2824835777282715
VRP-Random-Agent,2048,21.460153579711914
VRP-Agent,2048,5.436118125915527
VRP-Random-Agent,2048,23.727989196777344
VRP-Agent,2048,6.138150215148926
VRP-Random-Agent,2048,20.50151252746582
VRP-Agent,2048,6.882578372955322
VRP-Random-Agent,2048,20.50873374938965
VRP-Agent,2048,6.32058048248291
VRP-Random-Agent,2048,23.726369857788086
VRP-Agent,2048,6.933943748474121
VRP-Random-Agent,2048,21.35334014892578
VRP-Agent,2048,6.5347900390625
VRP-Random-Agent,2048,21.507600784301758
VRP-Agent,2048,6.905396938323975
VRP-Random-Agent,2048,21.925825119018555
VRP-Agent,2048,5.849910259246826
VRP-Random-Agent,2048,22.68109703063965
VRP-Agent,2048,5.904271125793457
VRP-Random-Agent,2048,23.058473587036133
VRP-Agent,2048,6.476975440979004
VRP-Random-Agent,2048,23.197303771972656
VRP-Agent,2048,5.911162376403809
VRP-Random-Agent,2048,21.61818504333496
VRP-Agent,2048,6.168033123016357
VRP-Random-Agent,2048,19.5936279296875
VRP-Agent,2048,6.291186809539795
VRP-Random-Agent,2048,21.518558502197266
VRP-Agent,2048,6.78303337097168
VRP-Random-Agent,2048,26.043123245239258
VRP-Agent,2048,6.348851680755615
VRP-Random-Agent,2048,23.914840698242188
VRP-Agent,2048,6.51924467086792
VRP-Random-Agent,2048,20.97349739074707
VRP-Agent,2048,7.005119323730469
VRP-Random-Agent,2048,23.55202865600586
VRP-Agent,2048,7.5053181648254395
VRP-Random-Agent,2048,21.328182220458984
VRP-Agent,2048,7.010499477386475
VRP-Random-Agent,2048,22.112409591674805
VRP-Agent,2048,5.9312238693237305
VRP-Random-Agent,2048,20.19180679321289
VRP-Agent,2048,6.679356575012207
VRP-Random-Agent,2048,22.312931060791016
VRP-Agent,2048,5.583998680114746
VRP-Random-Agent,2048,20.876161575317383
VRP-Agent,2048,6.079455852508545
VRP-Random-Agent,2048,20.920284271240234
VRP-Agent,2048,5.887205123901367
VRP-Random-Agent,2048,21.096975326538086
VRP-Agent,2048,6.41600227355957
VRP-Random-Agent,2048,21.123226165771484
VRP-Agent,2048,6.787746906280518
VRP-Random-Agent,2048,23.7579288482666
VRP-Agent,2048,6.315596580505371
VRP-Random-Agent,2048,21.22044563293457
VRP-Agent,2048,6.006347179412842
VRP-Random-Agent,2048,20.18706512451172
VRP-Agent,2048,5.984909534454346
VRP-Random-Agent,2048,27.528593063354492
VRP-Agent,2048,7.051661491394043
VRP-Random-Agent,2048,18.745914459228516
VRP-Agent,2048,6.259002685546875
VRP-Random-Agent,2048,20.905216217041016
VRP-Agent,2048,6.181329727172852
VRP-Random-Agent,2048,22.564268112182617
VRP-Agent,2048,6.711543083190918
VRP-Random-Agent,2048,22.579212188720703
VRP-Agent,2048,6.54567813873291
VRP-Random-Agent,2048,24.31917381286621
VRP-Agent,2048,5.789028644561768
VRP-Random-Agent,2048,20.749296188354492
VRP-Agent,2048,6.394498825073242
VRP-Random-Agent,2048,22.27379035949707
VRP-Agent,2048,5.823093891143799
VRP-Random-Agent,2048,20.872406005859375
VRP-Agent,2048,5.524791240692139
VRP-Random-Agent,2048,22.063587188720703
VRP-Agent,2048,6.711764812469482
VRP-Random-Agent,2048,24.559621810913086
VRP-Agent,2048,6.886797904968262
VRP-Random-Agent,2048,25.778215408325195
VRP-Agent,2048,6.547434329986572
VRP-Random-Agent,2048,23.933700561523438
VRP-Agent,2048,7.171738624572754
VRP-Random-Agent,2048,26.278575897216797
VRP-Agent,2048,6.111329555511475
VRP-Random-Agent,2048,21.277847290039062
VRP-Agent,2048,6.730479717254639
VRP-Random-Agent,2048,23.16080093383789
VRP-Agent,2048,7.067026138305664
VRP-Random-Agent,2048,23.506017684936523
VRP-Agent,2048,6.302149772644043
VRP-Random-Agent,2048,22.8052978515625
VRP-Agent,2048,6.319439888000488
VRP-Random-Agent,2048,23.187973022460938
VRP-Agent,2048,6.137321472167969
VRP-Random-Agent,2048,25.869380950927734
VRP-Agent,2048,5.55015230178833
VRP-Random-Agent,2048,20.348186492919922
VRP-Agent,2048,6.0442423820495605
VRP-Random-Agent,2048,20.275108337402344
VRP-Agent,2048,5.9854302406311035
VRP-Random-Agent,2048,22.985881805419922
VRP-Agent,2048,6.184710502624512
VRP-Random-Agent,2048,21.653072357177734
VRP-Agent,2048,6.367058753967285
VRP-Random-Agent,2048,23.85793685913086
VRP-Agent,2048,6.69855260848999
VRP-Random-Agent,2048,26.014528274536133
VRP-Agent,2048,6.398516654968262
VRP-Random-Agent,2048,20.650028228759766
VRP-Agent,2048,5.913346290588379
VRP-Random-Agent,2048,22.56721305847168
VRP-Agent,2048,6.0818963050842285
VRP-Random-Agent,2048,21.371191024780273
VRP-Agent,2048,6.1841630935668945
VRP-Random-Agent,2048,20.80308723449707
VRP-Agent,2048,6.641367435455322
VRP-Random-Agent,2048,26.399667739868164
VRP-Agent,2048,6.165627956390381
VRP-Random-Agent,2048,25.684276580810547
